delivery_id,user_id
2d95f044-6e42-4e28-a198-f789750af7f8,1129fe15-d344-4b4c-93a1-8deff0e98516
3d7e461b-821d-43b4-8233-477b7bee4607,edbdf7b6-2308-4ad8-8245-80e0348c3581
86365780-55dc-44fa-b864-0d7310c4ed66,e842a621-35f9-42cf-a8bf-dd11ea36c76d
7bdbbcd8-cd28-415f-ad67-8a64219c6a86,0cffff8e-e6ea-4e25-ac6e-366798ab8b17
1168eff7-9878-4d1b-9fe2-8f8b35632cb3,29a2e208-3822-413a-83fd-c86e5400275a
23a0290b-453d-429d-94bc-bacb9dc1ac7e,09d43e4f-b6e5-4975-ba54-865b9ac184e9
818e2876-0e26-4135-9c57-817463f5084e,5074b98d-97e1-448e-9e04-91fc463e0d16
4d824b53-578d-4e0e-8e50-34090f9f9a52,6289befa-e8b4-4b46-8b74-8280a55a05ba
5c37fbc7-043e-4094-ba90-c8098169b5ca,09ac096a-f6c5-41f1-baee-aef91238fc60
824eae80-7ff8-4723-b358-55bf9fba646b,dbc3fe71-4f04-4371-90b3-fcf15abd098b
4340a9f5-c509-402a-b645-0dbff98a42b2,947279af-e9be-4a61-bef7-86dce786ea83
e81a6246-0fc5-4494-96b6-cf6ea4bb560d,81b5ada4-6347-4202-9908-38cf4dff9c0a
ce31c30e-d5ca-40e7-82e0-03ac7c2acb98,c743582c-14dd-46a7-a5ec-d8503b556944
85c6f7b6-66f3-45e3-a792-2b4bf0032203,270ca8dd-5b5d-48e2-a47a-2c43bcd4faf3
c260f9fd-7db4-43b8-9f93-eabfeb87d0f8,d85167c3-a4ec-40b7-936d-537c3379e678
42d906d2-a29c-4895-bde9-2821348cfa9f,b2869484-f345-477e-a484-cf575e355a36
c85948c8-baf7-401c-aea9-3a1052ff4482,5b8d3ee9-526a-4e37-aa10-256a60057bc9
5d7809f0-adc6-401c-81f6-d734cb434611,1d1817ab-f192-41f3-8a76-e17682ec5dc3
d4adbe86-508b-4f24-8054-0a6b028af867,9f17168c-c690-4639-af18-385ed4737c29
562313d4-33da-4020-b0ec-484e7359a863,6110157e-064d-4dbb-9258-3475c153b348
ed69a323-1010-496f-981c-97b86a6411a7,9f3ea178-94ae-42ba-8723-ba5bcbd25f6a
508a709e-be35-4400-b0af-6a2855cdae2b,00623546-b409-4e9f-81fe-26b9486f0458
cf459e60-378c-4e5d-b688-019651fb6552,274bdde0-35ae-405b-9c52-78e65ded977a
d00fcd74-9c24-4ebb-8e9c-aa330e1c86c6,514b4928-f11b-42d4-8d0b-69dd644e5514
89fa383c-9ca5-4003-9420-52340ba6f9a5,7b135f96-d921-4251-b68e-4199cf8c9db7
826f3270-5fca-4c17-9b68-be275c102572,72198cbe-5f9b-4c71-b321-e0d39492607a
31981c39-a155-4f37-aaf6-78b41daf89df,b659a823-874a-4459-b487-e203f10b99a0
650efd3d-75c9-4253-a1d8-d5648b7c7d9a,a67a930b-ee75-4ee3-ada5-207cbe30da52
e9cb2119-fcfc-4106-bea6-247718176019,fdac40d0-4600-40e4-89bd-49a2820adf3c
8073657c-9ad9-4caf-be0b-6a569e8d5908,65d2e922-b81d-4621-8ba4-de6d2547d782
e8561238-1102-4de5-b825-fcd2cf09e5f7,82c509b3-c2d5-4815-94f8-b4c6c1ca96d4
6330f439-918b-4835-b644-7eac3d7a14aa,ebae3c22-9a40-44ae-9d0f-b5b4992b8ec1
aa56b067-202c-4009-bf43-22871d311abc,a50da447-c47b-4a9b-a8bd-c600426e05a6
8f78e62e-14e3-4aa5-9197-e4d107336ddd,e4ff74fc-32d8-4f78-b61a-52c6bda4db51
8f009609-880b-4f0f-ae43-576eb6c57732,1f9c6ad5-4234-4890-b7bd-92c61b79acba
6888222b-1d23-4768-b9a7-403898a995f9,2db1c06f-39ad-4c07-814e-b6527df7e65a
eccad5d8-7762-41eb-99bc-08e9433de34d,50005cee-c5b1-401e-9758-3188e5e87ea1
3b701ce6-54c4-46af-a88d-abce9ebc3be4,d8d669da-469d-43a8-a3eb-bee9f43a7c8f
004745bf-bc2f-4d2f-b919-d3fffb6d77ff,9de97a63-7a19-40d6-b25f-00be3513eaaa
5c289d74-010d-41e9-83f2-072ffd76baac,6cbfa2ab-1fc5-450d-bcbe-de0577a25cff
54a5a86d-afab-4b33-a16c-2beb1cde7280,fe64e862-aee3-4e43-b907-d442a85ab7f9
f51cde6c-99ad-4cfd-8934-1ceeaf1a54c3,6565bcaa-a15f-41c5-bdfe-9f7d641cb2eb
1346ab19-b4d4-49be-ba0e-50264c5567e5,205e20bb-0e2a-4a83-94c7-3c73c5b4738f
7ff1712b-9095-436a-8e03-630331c53142,73a3519f-c8ae-481c-b511-3f71b4e30c7c
0fe5fe44-1826-4a42-b37b-c0c11eaeb44e,eaa3c173-34fd-478b-a2cb-8327d72d16eb
6d7026c2-e6b7-49b3-b97f-ee4e63d923b3,186cc05f-2505-4fb1-b630-f041bb27f561
18264d45-7ec7-470d-ac4b-eb257d88205a,1cf843dc-6aa9-412b-af80-d2589db7a9ac
da10ab69-6a85-4d9c-a61b-196bdb524517,7ea33fc6-64b0-4323-aa1f-129bf8ed78fb
6dfc98f8-62ae-46b7-935b-9dab54e476aa,fffe40bd-8160-4cef-8be3-a319b7267e23
bef81d54-40f6-4d02-bf14-1130158aed6e,b2acf8f8-b0d3-4cc3-a19f-ee4b77726af5
07e1af28-b836-4cbc-8cec-822cbd8ef09f,ff407002-04ef-43a3-a45f-e21a59294846
d4590f3f-409c-4192-aee0-553b0faf645c,e3582a75-a523-46e5-bd2c-d096eb152780
2b7d1bfc-793b-4d5c-9c68-45efa5a279a2,19c2e36a-f026-4080-9945-642b84b723cf
86eb0c53-f167-49c6-a6a3-e662c4ed5c77,6fd35697-1b56-4a32-8708-5498a91e6c0a
40a3fa5a-c008-4daa-ad17-c8d08d3263d6,0b70fc45-0636-4502-938c-3a03869274db
c97bd702-ed60-47ec-95c2-6db5d6f209a5,bcf46ba2-d528-4e08-879d-033e66534864
ca6cc6ef-3e11-4a4f-92f9-c695841a6e3b,078b69bd-663f-4003-9ae6-5a55bfb69c1d
bb6b8c48-34a6-4288-a96f-62c918cb98f6,0752b917-6a3f-4a5c-a191-31f29640575c
bc7b1e5d-f652-4332-a2e7-5168a11cfa7e,ceb9007d-31ba-465d-9132-6b0f93f53135
8cb70e6c-88e3-47fa-ae7d-11fb0d1ae0b6,3a0d12c2-c46d-4b84-8bfe-13ba2de547ac
6651e8af-d0bf-4808-bc4e-6bbb90eadd12,5eac6685-ca0f-475e-a0ef-55fdd3560941
ad0b6fa2-3fa9-4201-859e-f2d20ac6bda5,629b3168-7e6b-4fc9-8bf5-00d7fcf5c4a3
72a0bdbb-25cf-45f9-9261-506411ad893e,a4237065-24d6-4ff6-8bfc-017c401aff13
17f37795-c935-4bba-b114-e823426558c1,36e2ec8d-ff8b-472c-9396-3b12664f4e80
4dd3662e-92a3-4ba8-ba7a-05acb8cfd6b8,4f006df1-7f35-43c1-8f48-99d3db92a5fb
e95276e4-c9e4-4932-88ff-b4e356c24de8,9908a678-1375-4274-aa99-4970b5ea30c1
5cebe7a8-4bc1-4226-bb01-765f5ee3a5fe,09c85270-55fd-4598-ba8d-ec390f08ed86
9ccc290f-d5f3-4d21-a2ce-7478b021ce2d,5cc3b2bd-c2b4-464a-a752-72362cf15952
29fc6e51-29f5-4311-8ccf-6c5301cd3e51,8f55626d-3a63-4640-b5d4-8753b169b437
b88699f3-f61d-4171-a3c9-aa66d88deb1e,cab76ea9-701a-4360-a39f-fddb5487c25f
250e12aa-3c68-4e87-90d8-679a5f38a16b,c2217f4b-b6ef-4202-9a3a-ea65d3b495cf
3e27a73c-725a-4506-bb3b-60bcd250569d,ce8ce798-843a-4ae2-9465-bb67c8371881
6a483fa6-c14e-4b41-9503-984699ca82fb,e76a7184-b6ff-40a3-8e51-af6a3394f3bb
d90d87d7-fd9c-40eb-af94-107c942e11a9,57f0a031-b547-45a7-89ae-dfb9b6d84f08
7ebd24d3-66ca-4f2d-8319-ad9f836b3fda,fa8878c4-f354-40cb-b5eb-451c9afe92d3
54313c35-f652-4111-b1cd-6a4037345ba7,84b03bc1-3924-40f4-8e9c-ab4b04108aa5
20d0e217-350f-4d87-bdd6-b8f0302221c0,948f90bb-759a-4cc6-8c3a-c914ee5a8a7b
ee7e4f93-0604-4327-a715-edbe84b25049,be0e6168-5383-4d6b-a2dd-9e5efcb27180
a7c3e213-8675-4978-a45b-90f9a95ec307,01d3922b-c9f6-45b4-94a1-1558bf199659
aa03489d-7501-4fae-a1e1-acd8aedf42af,b0c53b02-e228-434f-8283-a2717169d310
13b4a852-76d3-4a33-99f6-cadc8d0c2840,cf612160-45b7-4b80-92a0-3d27f72d15e9
816d454b-a03a-4072-9d4a-3ac931dedc50,20e39642-d325-45c5-be40-d9274f9e1b05
e00c1c68-00bb-4d9e-beda-0c70543f2b9b,4064de68-6dd3-40ec-8511-abc77e050322
9c6003ff-6510-41a1-ab63-dac0e0bca9f4,6edbab6e-813a-4219-89f4-a6ee490214dc
2bd13792-5d0e-488f-82cd-9d23be70d5e3,7a8c08f7-6d96-44c6-9ecb-d8c1e0da0669
8c528034-addc-44f7-b223-5884ec611c78,18240004-7028-423e-9fc4-3f089c95736b
30cdbd88-dc31-4014-a5b3-8007e8f66ae1,c57700f2-4bef-46a2-bd24-6cc9b5e2aab1
c30fe7cf-6f30-4c80-b8a8-c71bd5df42ad,0bce9b64-07d4-4ab6-accf-7141a748faf8
bc47cc12-2074-4da6-bd29-8004fed57052,1d912cd6-2f49-4642-9e60-e8b8942d9ac6
73175466-cc10-42ba-95f4-564d65c70cc7,362e1e14-ad02-4ed1-99f4-f7b6e64f7376
457578db-42f2-490c-8e6b-6aa51e5ba2b3,d50acef4-5b2e-4c6b-a838-f5a0a5cd10c8
7dad5b58-d0bb-4717-8c68-e07455f18310,bf5b79df-cd42-4ef8-89d3-dfc87aa143ce
1ba6aee6-09fb-46d0-a342-764e2d4ae721,7f6fdeff-f403-456b-af4a-c5b7a8283dad
6d37f1eb-08e1-4be2-8171-df96b9c8bdc3,3659ec8f-efd0-4865-accc-6fbb09c6da44
dc8ca644-27c7-42a3-88f7-7402997b1155,e6263159-643c-4995-80a5-a101097f8aec
e8f8ffd7-d6cf-45e0-bdeb-61c86c18a4f8,63a04661-7b1b-46a5-ae62-c7aa9c9537e9
c2291f8b-0385-4033-853b-6b08fdcaa577,d0aee235-8729-4ddd-9bbb-9a8cf5e87917
185e0b7e-0f25-4c22-acd2-4152a9f51fa9,a5072faf-bbe0-4bf6-bf4e-a7a89cfa5248
0a4154a3-b60d-4a5b-a13a-02b37d6ecb33,2e168157-c0b9-4a66-bd25-ef1263a90dd3
9f924f67-61df-408c-b1ba-2b37a84ac66f,e42e321f-3fca-4332-aa9a-358cd3010dd5
77e40601-f12c-4638-8a86-28e2b07d5e40,3a451ac7-0a02-4cb6-be72-37af5242e2a6
d5373bc3-743c-45a3-a94c-4345c21753b9,c5c72981-045f-4434-ad8d-99f69c7968a3
51294f79-53ab-497d-a85a-2c62465e482b,5ee59d27-8447-494f-bfa2-a4223ace44eb
0f02a7b2-6e05-4c3f-baba-2a7e04d690ca,1709af7c-f292-4535-911f-72669e5581b5
ff10da11-6378-48b9-98af-69ccea0ac869,f5b42a57-f6f4-4f9d-933a-e72540aee2a6
0720c083-bd47-4c8f-9d82-595027f60556,58d8fece-df1b-4d94-84fb-7c96963215a7
7bab71ae-8260-4913-b642-ecd4a1fcc0b4,ea9071c2-2294-4e8f-8f4f-3534cc377455
cd943c91-cb80-4bad-bbde-bb168b59f98a,8cb086f5-8cdb-4f5a-afc5-125d0842e8de
84137328-e0cf-4c23-af0e-0504989b4d6a,2d953516-0b52-4453-8638-691bf4a91c56
bb3c28b9-fa08-497f-b27d-3595ad395f45,de55a1c9-501e-46e4-beb9-e55e68449817
9c42264f-31a7-479c-96e9-75ec0abc943c,21c3a6e9-0a3d-44b8-96db-86a1c69e58f9
69782d05-f800-4f38-aebe-8df6a43089ff,71eaf1bd-eaab-489a-bcde-ca54ada23951
97349519-45ba-48eb-8a6d-bc564432d626,bb8e087e-66b1-4ab5-8797-e2baf53863c7
7ad4df8a-1a68-4ff6-a750-a4dd8e383254,b4d91690-4fd3-4a2d-8730-a6e0b084646c
0177bffe-c482-4fc6-8fde-ff84d25034b1,c41eef9d-71cb-49f9-b3fb-f99ccc32aa2c
d812f6a7-7f91-4381-b30b-781f0b073862,8ab21c2b-60a8-4990-b416-761342919d77
ca2144be-a584-48a3-896a-ed0141fb240d,678a4c54-c94a-4664-a8b4-b01eec56f802
4d9e283a-a213-42f4-80f2-f3fb86206155,e1a297c5-dd0d-401c-ae54-f99fda758f26
bf966f9a-ebc3-455d-a684-ae56ab2d2f4a,a0e33f51-db39-4685-b5dd-56c73aa08220
30888d10-c31f-4c70-8b8b-850305ef3ec9,1f418d4a-5464-4441-8a97-612e59138d51
8657c0ad-cddb-4ca7-b437-c8354432120a,ef6f5b97-0777-4eb4-864d-e4c312e2759c
29e54393-041a-4679-af77-8f654b6e393b,f880c13d-08c1-430b-ae08-311f4559fa94
ae403ab7-71e6-453f-b21b-68cc38dc1558,a7229b51-b326-4536-88c1-b3452423f542
12502b15-c05a-4ce8-812a-8a5430437c1c,483a47d6-e30e-41a3-a410-b44293beb33d
3d660b9b-07ec-457c-9579-5568d7e31134,f1709ab5-9194-44f6-8dfa-ff425d05481c
6ecbccb9-8bb2-4308-822e-6fd1e9d10cd2,a5bc4f62-1d37-4c61-ba6d-c2298bc1fc2c
7726e5b1-d07b-40d8-9fbb-80971a45e13b,c0d88f30-4118-4d2a-b161-572edb605b5e
311e7c7f-8c30-4b3c-bf57-cb5e9562585e,8e5584bc-54d4-4883-8609-0a94c3796c60
706ca9dd-5a0b-4d4b-b086-1cf9a663cb95,d8c7c8c6-d708-4695-901f-3e419b8d8a4a
fa2f865c-5192-4320-b8a2-2fb1bf0ca7b6,76d39acd-3ae0-441e-8968-71fa14467bd0
524f0308-1b25-4ca1-bd33-265c2b7f84a4,e4c4ddc9-5faa-4cb4-ab40-3447e32a895d
27090d1f-f8e9-4f79-bd23-79e619d41769,c809273c-45c9-4359-8f78-7131694a8b78
3842c52d-036b-4397-ad7e-0c1dc368f25b,4f695de9-7d80-46d7-80c7-a5560f8c73e9
5826b8a9-55c0-4f7b-9154-a810097ee9f9,bf94504c-a0a5-4b35-a312-87cd96e9f3e2
2373bcd1-cee1-469d-94d1-de51c6c3d54f,13b6dbff-8e3e-4dcc-a9dd-413c84be0bd5
41fbbe67-4f88-4a10-bad3-7fe9bb67fac7,6c5831ed-17b4-49c4-95a9-7ebb9cd77dac
71ab7a3e-268e-4dac-90b1-6426eba03f95,efdbe241-ca12-4558-b948-dd36c044a334
31b41183-019b-4c83-9906-6ca77f67aa42,a6861a27-8ee1-4654-a299-eb2530427e2f
873bd29d-a2e4-4b1e-992a-a66c51ee3b2d,3b063c78-be1d-4f35-8465-921b7b8b09df
2e5b2572-d473-499d-bd62-acfbe2b72ba1,a5236e32-b964-4b3e-a9f7-3195b645b408
99c7613d-415c-42e1-8551-f46eecfc804a,69d0a9be-c2ea-4029-9e9e-6917b405a55e
2e7f5923-ddbc-40db-b168-64bd2555a2e2,1a0e05fb-af2f-4e03-a732-9675dc736a8e
bc3d3586-186c-453d-879a-6378e2cf2171,b4adf4a4-a1ba-44c2-8945-548ad529e489
c2c87913-eaac-49c5-8611-98050963174e,2a680a2b-120b-49df-8401-78909d55ccd3
36eb18bb-f630-46a6-8254-c493ab341eb0,4a4e013b-41bb-41af-aabe-63fedfaee24e
72e9c5f1-c488-4943-bd30-2c02f3627acf,20593dbb-9af6-42e2-8c71-13e1ca56c9c2
f54d9263-b051-4b19-9f46-88dc59db9136,e276289c-3f79-4c9b-9fc0-68d858f90515
521962b2-e9e5-424f-b1b9-68be887f6091,cae71692-88fa-47b9-8c73-fa78fc66f8e8
07651420-2e36-40e7-8d05-4aa08eb92e84,34333b4e-3fe4-45e3-aca3-d23e79ca6415
296db854-f5f2-475a-a942-189f6c89b630,b8d62839-3ad7-4e57-9870-79ca4195145e
8bcd101c-3606-4e9a-8c8d-7fc1da26350d,1d40ff0e-0c11-42df-a0d0-895d8ae62670
037701e0-e263-48dc-833a-c00f058ab606,7c70a64d-1faf-4a48-b339-13153d3ca5fc
831b0d15-ce72-40b0-8044-617437fdfd14,4100808f-48fb-4769-97d4-4a02295a6daf
cb4ef792-c2a9-4185-8479-57cc962f6f49,bf18217e-9226-4013-a148-a0c5b78d6d08
5f6a7116-6ea4-469a-b7a9-aead5f92f65f,7fa51ec0-5862-4087-9455-0efbc1fda08c
1ea3e19c-b99c-4a0a-84cf-b6e136cbb66d,d165ac06-536d-4a7f-a52b-94a6f6a576c0
9a0f2016-518f-4f91-a981-420a1b3ec72c,3e75a5ba-9386-4c80-b44d-d5f267ef80fe
96275f34-582b-41cb-bd73-4954aba9c91b,8031b1b0-37bd-4863-8e72-2f8495c66b20
70417122-cb8d-4bb5-92cc-0f0524db61ba,57b9cf3a-1e98-4d81-a4db-9e8cb069ccdc
c23634e8-692d-4918-b749-89100a768879,f95366b7-2941-4b20-ba7e-ac11522d59ca
c7aac8e8-c4ff-4a84-9d2c-a873851d1015,7d258e1b-23f4-4a58-b73b-cc63660d6032
48c1d67d-efff-475b-a9b3-b01a97c33b6a,360bd93c-5df7-4ba9-9f0a-71bb5280095f
1176f744-491c-42b6-96bd-c7939d824456,050a6aef-f046-4e65-8ef0-1b09c3c8252f
b7be56a4-657c-40db-b211-0ce3fb19c0c5,2e9be2e4-d54b-4597-b32f-140aa431c220
9375c44b-ad82-4a50-b43d-682da9613a97,9a1266cf-4c3d-418b-89fb-1167553a9736
4e9a1370-e784-4401-9cea-f07dc89e648b,baa3aa40-4398-4d38-9a14-50d6a130042e
ce69a15e-bd33-4f97-90f8-db2073823f99,0adbf78c-d350-4943-809f-3ba7299327cf
e57c3c37-6c50-4bd7-b773-7c41d25a7527,19768d84-1ba4-48a4-8563-f8bbdcbeafa7
3d533e1d-0618-476a-b732-1a6f56c0b300,01caeada-26d0-4851-8278-8a2f1439c3f9
5d64a212-37e1-4b37-abf1-b88eee19f407,5eb33ac8-801b-413e-a4d1-f14eef8b571d
c2124e74-5f67-46c0-aeaf-c1edb2cc541a,83b83a24-5683-40ce-80b4-0b2c4813e22a
ed9ac24c-e4b2-4fd2-9e78-38cbc1672274,871b6191-c898-49f1-892f-08f95a5dfc71
c6a06028-db09-404a-ad2c-2346f4d591f1,931dfb82-a55f-4290-a588-8e5e8667fa77
3f09b330-4cac-4e64-a978-87c3157883e4,2794517e-dbee-424f-b0f1-fa20712b7260
0949a59a-f7a2-43d7-8468-dc7fb0c66579,0678b9a0-f478-4f3a-805d-7a26f980304d
ed6a1bae-7efc-413c-86dc-bc5c4983be03,08f73a6a-27a5-448a-af32-800a5311a1a7
23c91a77-7db7-4301-bace-0cebef33fbfe,ceccf6fa-5f40-4248-99dd-1ff10bbe5dbf
ed33f311-5e22-4575-9403-8c225a1954fd,cd356310-2443-4e43-857e-4584195c58e8
aefd786b-1d5b-4408-9d69-07848d704f7f,9d697853-5261-4ce8-ace3-388bfb242264
6e364f51-9768-4110-a5b5-281a4aa026f5,08d07d7c-f92d-44c3-8be2-8e515de22ecb
945eedd2-c91a-47b8-b036-a7279368079f,ba993a22-0554-4bd4-8175-3b4e7ed191c9
e153760f-347f-4e6f-aaa1-2d9817f53eed,df232fc2-bab4-4bcc-bbd7-6e2f5b7b76f8
6f31b063-b788-4260-85c2-5d8588075e3e,63a2d9d0-d772-46da-b191-871d54c5acd8
18cad561-d85d-466f-b831-eb576350d52e,ed53ab7c-9a66-456e-ab93-d400c24e8930
f267fadf-491d-43dc-bc9d-80aed9945685,85cc0395-850c-4ad0-af5d-22e6638f3f5b
c1c6cdc1-665c-4ff4-aa7f-1e5143b6caa1,1d23f34e-4d9c-4234-a107-9b8333de7aac
3542dad0-cf63-4789-a38e-a1014c816b46,cb706757-2274-44e3-9da2-ee09d2f07945
5c8cb894-3632-494a-9ad8-9cce761f0f5e,c8100bec-50c0-4dd4-bcc0-bc76561184c8
94a532ed-51bf-4125-a324-b3a6a0d7aa68,55174390-a05c-4ee0-8a2f-42b2404d45b7
abe9e85f-4f2e-420e-8a39-df47ce069d10,bf8a459d-e92d-4117-96ba-5a7ec2b9225e
b5c1a7fd-dc40-436f-b1e7-a941d0aeaddc,9efb5423-4737-48f2-9721-1104f981b287
33bf7e8c-b682-4440-8ca6-e48cd4834ccc,d8bfa931-679c-46c4-aa64-92639a0ad19f
96c72de5-8c51-4358-ad6f-71a9577d535a,73879eba-6961-4e04-ad7a-a84e107e053c
8dbcc8a9-55dc-4dc0-968d-792a4ad59c6a,1ac7cbd3-e8b7-45b2-9281-11a26dd22890
72756d39-72cc-4577-a7e6-ab7a22f2562e,51dd5ad3-9ffc-409a-b354-7652926cfcba
a567e33c-9923-4fac-95b8-a6235910e947,3e6eef29-e8e6-4157-abc1-8459cd0a4698
36db631d-645f-48a3-bab2-390562fac26d,04ec0753-c38e-46f2-bc2f-dd8f98c0a8b6
05b096b2-129b-4d08-817e-c8c60f0bc852,ada61810-da6e-4dc0-b356-b2b77cee0668
900acec4-55df-4549-a167-cb9f7d2d1d17,a4dfb2d0-c9e4-459c-a4c2-185206370e92
851290bd-3f1a-42d0-9bb3-0c8f4d2e698e,c5cd7eb2-e138-4f9f-affe-c0cb15892ddd
20fad4ff-2dbd-4a92-9de9-a208ae01e708,0b079f26-4b7c-4519-b7cc-be7d6e70628c
37651eab-0abf-4ce7-92da-b2a00f84a09f,394ab640-b14d-4b69-9f8b-9222482fdb7e
75375245-5320-4edf-b362-1d2a56634fc6,6b235a0c-481b-4424-a51a-9f8dd0f1c1ab
af8ca905-260c-4da1-8ecb-bf6a8caabd44,d2333843-1536-4ba3-9c28-3c06a6328209
46eee94e-3390-43bc-ba10-cfd6c0d42a8d,2f41dfdd-c272-469c-a483-acdc0ee90b9f
917870ea-00f3-4166-98f3-3239053494ef,310b223e-4bf7-4896-a066-9cdf5da52b18
55983fb5-32f2-4b0b-85d8-5698359ca4ce,a4f99e20-44e9-402b-ab15-629496951fa8
617fbb54-c915-4425-abc6-2fd4eeda4aa6,50f5c560-3d65-4fdb-83ba-77968cb871bd
2a127327-4679-465a-9af5-ec462bd06cfb,dc93b5ed-fd0a-4570-b4cc-d13f61660263
955f0f85-25fa-4be5-b433-ad5431667cfd,9150b3ec-e1ce-489b-8c79-74d2d2f7c66f
046433fa-b692-46c4-8ec9-5819cc2a6299,9f3b87b1-a645-4768-b1a4-152112bd4edf
cfed8a6a-dbaa-4488-8d31-c4e43d9e8f0a,6cb92813-7817-4f1d-9a7e-bd20b8c5cbed
9e56f524-29ff-459b-942e-f25c326a486a,715e314e-49fb-4bdc-93b5-423e6a30a18d
32819323-ae82-4e3f-92e5-64ad315e26e7,5a5663ea-307b-4232-aead-3ba858886feb
91c0710f-d4b6-47cf-a540-e0596f69d38b,dad7c8f4-26ab-4bcb-8824-185453ae1df7
b40d2ef0-639a-4fed-ae9c-195e5479cb78,a5eae869-a97a-4cb1-98e3-4e1f548dd835
78cfa063-9a09-4652-9307-345fd072b086,e930faf9-3c51-478f-becf-73429dbc854a
951661bc-df86-466c-a318-af896b8b35b9,4921bd8f-9972-48ba-a0bd-8b469452ffe3
94850a1f-31f4-43aa-9774-85c77a0a9d8e,a44c6e78-7d4b-4034-a13e-042295988b05
3de0fbb6-2fc9-467f-abb9-dd5114a7a793,34789aef-c51c-4cc2-b41d-ce35dfdf1a92
cbccf919-611e-4959-8081-994fecfb4b87,d0f84ab6-b4c8-4bf8-bf25-d57e24f0ef02
81760ae7-ff90-4510-a64b-fa20aefcdbd1,39d07169-850b-42cc-83c3-29ed61cd09bd
d9ab1f45-d55c-4bd2-ac01-19b9cb80ec66,7dcd794b-856d-406a-82ba-9e0fc15629f7
febeee04-f484-430c-a05b-f156a5e0eaec,f28610a6-6ba2-4efa-a42a-43acf3dd4b1c
919b8b8f-7632-43e0-a561-009434b3aa5e,d1c61754-d388-40a2-a3c8-fe8ad63909ad
98b32129-70fb-4b52-9610-453070138606,384ed378-f580-4fae-8d00-67580861af77
43dfe2a1-a03c-4860-af02-80ca491714aa,62b7b838-aa68-4265-b65f-195b3bad7a38
0288dc16-3ae4-4e53-8302-fb2b13d6cd42,f4a74546-d966-431a-a2cf-93e8061e518a
7766f8d9-6f21-43a0-876c-2daf67833f7d,a5dd4630-1bef-4066-bb0b-a76a79a6cff7
42d83b04-76dc-40f3-bf9d-acfeb6e8a4e3,48573133-d118-4da6-9471-f8f4604b467d
61cdf6f8-38bf-407d-920f-30570ecc23a9,df3f68d5-733e-4395-a290-cf23afed17e6
9aba7f18-9ec4-4731-ba84-6c27c46bfdcd,130c5956-6095-47c1-abe0-5c257a439f2e
2953d692-ead4-4742-8331-43bb5e1e86d5,3f0425e2-0e72-45ee-903d-52dd71455d11
6bbee14a-d7b6-4403-8f91-90e42d09384f,5e2d8f18-b37f-4e44-afff-969fe020d9e0
de402e33-b095-41e8-be30-7eaf466e7913,705b5408-f23b-4c46-bd08-5b54559e4e5e
64c589b0-6157-419c-ae94-bf8f1a8c66ef,e988ea5f-b0dc-4847-98ca-dfe49b9d6284
3c60253b-4f63-45b5-a73d-a6d0ad7d0cca,3e9c388d-f85a-42a8-8a8a-758aed7076fe
9ca3f1c3-f51b-4f91-b447-1eec0cda7a44,4cd7ff51-3408-44eb-aa14-c35cf173a522
0274d989-96c2-4328-b973-573fd12c9401,872b5f4c-884a-4f83-bee0-a0a41edfccc7
b728ca7c-33a1-4e83-a4e5-e53a39e865f5,5e112caa-8b62-4b26-b40a-e768943cf69e
f3712139-f45b-443c-92a9-fa1821e04004,110545bb-b1e8-44b9-b364-69d65d8f28b5
54d650de-270f-4f2b-99b9-ad54343212e4,00eb683a-26b2-4988-805e-77e57db67a18
97c2636d-3c51-45cd-84cb-6e2af72a7281,733a68f4-116c-4539-a6c6-4100027626f3
45220208-c7f8-4f77-b3d2-2b6a2f74c22f,cf6429cb-b502-49fb-9b00-1d47b51925ee
d8f7f7ff-201b-425f-9fa4-0e82fc897ec3,667ff901-30d7-4513-89e6-b82d75e24593
f3faea26-463b-4cba-8270-ecc8651e64c6,8fbdc898-91d0-4e0a-846f-1b3ef3ec4c4d
ca122a83-5d37-4fe5-9fd8-c699a64ab4e1,0c4da6a7-b8ab-4293-8f69-e4fe24386d73
0ee61efb-9fca-4c51-813d-d46e1fcda7d4,579d4eb1-7e36-466d-afa0-d572843126ee
9aa05492-93a1-466b-abf5-0aae536b3296,5984a9b1-843c-4f1d-a57a-3413d073f641
c8a935e1-8aa3-4d88-9679-ec25fd99b9e7,af84589c-3623-4d7f-86e0-c1c64db1141a
5d5c0e62-470d-4eed-8856-ac46c488ba30,d88bd700-0c39-451f-84cf-8fd9a8bf124a
3b31cb61-3d9b-4094-bbba-74c6730f99cb,3743e7ec-9d2b-434b-814e-63e9c9ff4b69
472e4d39-8eb9-408f-98dc-6f6f139a41ce,20cbd24a-8487-4f71-8e0c-0d0e525b86f2
10bc5929-e098-4822-b595-dccbe0984138,951a33ef-7d5e-4401-92c3-4b4ecb5d70a0
ee0e6cf6-fcdb-4f09-b136-a62b8bffb1a6,2fca18b2-3e0b-44ea-8496-37f240b18187
258135e5-a111-41d3-8b26-bac8e1e7f65a,6e74c47e-6eda-461a-b700-47adf35ff4ed
7ea23c19-126a-4140-80d6-6f6d1586d665,10975282-e755-4ec8-8456-6298f1fa2396
5b52208f-183a-4cac-be49-ae5d72ebba3f,1175e69c-d245-41f2-83d9-781fc822b1e2
bfc2e76f-ac63-4c50-88d7-4520940c3818,679fc895-baa2-47fa-952a-636a9be5d207
a8de7ee4-c135-4db2-b512-e63cc88ad275,ee58afae-3dea-490b-b23e-fd9c81f0eac4
e2933d73-8c40-4406-aa78-3dbdc5beb922,d375175b-d679-4f8e-af58-11a96fb41036
3576126d-71d6-49cb-8d93-981e731e3616,bd53739b-e4c5-4f00-9f62-b32b05639223
67a20410-cdbe-43ef-bbdb-440f7d55559e,7f012c65-b991-40d8-8518-6509fc4f01ca
2cff5882-ec5a-41e5-bf7d-59a21f5cdcb2,ec226163-9ea7-4d5e-9f20-58910170b808
932b8170-7c0e-4d0a-b14a-6bbd1efbf6f6,f348b1f4-2ccb-4b73-a2ec-a255540532c6
1793a53a-3f93-4585-ab1b-07ae98377bcb,24670c3c-ad6d-4a73-a510-1647afd75f6d
bcc87912-9e68-457d-b1a5-46c1d272b6db,69f26792-b830-4a2b-96f4-30fd7fb312f8
d7d1fe16-6429-4d1c-bc66-e006d7730da5,3d1a4c1c-49b7-4dbd-8a0c-26ffe46f8891
27252e0f-5c57-4135-9121-05a507aa94d7,d4b71a35-741b-41f4-886b-863e82bf5a7a
ad1587b5-0e33-4948-ab24-51efd079f5ea,506ccf1b-c207-4d29-b808-562653bbde83
0fafe1a0-9a28-46ee-91e3-18f240a2ab32,ac5712fb-8009-4fe5-8b2d-e70b7b485f6e
88fa2c3e-57a4-4b88-85d4-b1a0afd8379a,d31206f1-99a7-458f-9631-f50b693cdde4
45b89b6f-c5b8-43b9-8c45-3ae7f74aeebe,8fdb2a38-eff8-430e-bb4a-0e14ca5f9435
2b89fdd8-180e-4bb1-8045-e7b5a66aedf3,e083cdae-bd89-4915-9134-d9042e465a2c
154f3006-fbf9-42f3-b7b7-5b65eaa4d771,92f83764-46ed-4823-ae46-ca0ccb37cdec
611149f4-8f88-408c-abf0-3658822e0502,392e1182-8e24-4ffb-91c2-bc30b649d6f8
e5126850-62b5-49fd-abb3-72363c551341,6b8277ab-6a3a-4828-a077-d122a40cb379
590a8429-84f6-4c8d-8109-c9651eaf80b9,cd8e09e2-7ed2-4b58-a21a-2b10180bfc2e
13dda7a9-3d32-42a2-a21e-5db2ddeafc60,2e341c21-0bb0-464b-add5-6313e2e22328
5e3b94d1-9d45-4db8-a5ca-c6e653dc5809,82a5fc55-3850-46d4-a0df-0c4f9549e8f8
d0cd744b-1262-4fb6-aa7a-559dca8f7305,9914e6fe-5800-4d5a-a31d-f89060e75ffd
c34c1ce2-7883-438f-ad4f-470e76c312fa,d632542c-d4a9-4c3b-955a-d9480d9c7a75
3f538ccd-3ef8-4615-99e4-1ad75b2b250f,032cf8d3-d493-4ab6-a691-e7af30f530cb
e9aa3f4b-381e-4730-8f37-4899eb157755,3ac0fa8e-601c-434a-a5c7-7911b5cec33c
f72c1d19-2afe-4041-9623-798721ced4ba,d6959985-b222-491d-98b7-4e732328bd31
8be09511-76bd-48cc-92d4-e2ebf79976b1,a07e04c5-f10f-49aa-a8e9-70079a0bf010
3a729921-5604-446b-b8ec-92773f199bb7,939267be-536f-4bd2-88cf-d4aa43b4f9fd
41158d48-9ed8-4594-98ad-6a15c6737a42,0988451c-dcf7-4848-94dd-fdd92c485cee
33a277c2-dd2c-4693-b660-498aa7daf2d6,3e8eb836-58a9-4819-b8b0-6644b11fd505
b5572489-06f3-4870-ad93-a2c3621afd14,7fa0ab51-65df-47d7-9090-497cd34e547a
3476522a-e19f-4702-8ab7-16c5c6437c03,b2623cd2-316d-43b4-a095-ca321e54f936
64500298-dfca-491d-9aa8-c75a5a8ffed9,45cde32f-a592-4c3c-a03d-35959a5694d2
2dacc9a5-0134-48ee-8bd9-6548855fbd7a,167a998d-ee79-4bda-a027-87a4617eb952
87910d5a-af07-4828-ae9c-76aad49e54eb,81059983-a222-4ef9-8ad7-5a0356fbdf3a
c57e3921-bbb6-4fb3-8ae8-146dc26e8bbd,ab9c2a69-10fd-4b4f-95c8-94b9ee3a73bd
007fc42b-9d04-4863-a606-1158a63aa4c4,a2969953-5b33-4b27-9c24-f5e36a11b532
e520f5a2-880b-4b6c-b8a3-ab0aca4978df,c9b420da-f25b-4240-bdaa-e5c13b0ef151
f761fb4d-f4ea-460d-8bca-ac61456de355,554db8fa-b2fc-4cbc-8d58-be7a91fdee66
19a8acdc-d0d9-437e-9b91-24f7af84dad7,4f475ac2-b56f-406a-a989-3f13b4211fe3
78697664-a631-4464-94c2-b966a024f6e9,1044d3fe-9afe-4a29-9acb-b2136225cf12
c6bcd9b7-1b74-4ceb-916f-18fed05aeece,af32dab9-8286-454a-9e06-267ae795a896
7c9d5712-ae4e-4e87-b588-30360fd9d515,d1e8e558-170a-4351-bd2c-9f23b4ecf52d
a8639b83-2f7f-4391-9553-86ee44a14bf2,2faf9e14-f18d-47b6-9262-025af9be9dd8
986fdaa7-2e53-4553-a5ea-e61611bb51b8,cfd7e369-656d-46a5-b3e9-5ad86baaa092
b263f2cc-73fd-4dab-a998-746e1818ceb6,e03fab6a-647a-43c0-9f43-87b4535418a8
4e6d60fa-eb20-4a07-a76e-9ef811d673ac,61034325-063b-49ea-bf6d-6786f4c766f6
ce1b3861-93c9-4cfb-8a60-5617fed6d270,8cac828e-afb5-45b5-84fe-57427e6d8ca0
a219869d-f966-4ffb-b1e3-bfa81bbdb222,ddc3b709-73e7-45df-810e-2f85ef69cabf
a5c2b606-a41a-463c-a69a-641daedf220e,970a8a49-8cd4-4bd4-a17f-963655d42a27
5e39a93c-ed2d-4d66-b556-263555201d2e,90e62ed0-f836-4c55-8c1b-64bfcb0983f3
262d4ede-99c7-4643-a84d-dc5238eaad7f,07523ed7-82bd-4d51-96cd-e9949335a09b
734c7211-7c4b-4ce6-b095-6c3d1d5600ac,8e36d1f0-4c3c-44a2-bc87-a80224a40182
68f70ee7-9793-4f2b-9cb4-cc9ab2432d1c,a19c368b-71b2-4d9e-95ef-29715a08aa07
f362cf9a-9f84-4ea0-bc45-0ec914d6ad63,6087acc2-5c9e-4d74-b162-61c5fda7fc4b
8beb52c2-3e17-44ff-9dc3-99ec02e98e44,94fd0c22-de5f-4b90-80e4-88e87668aa67
76eefccf-a3b7-44f5-bfbe-257b87d3e772,bf2a9ee1-7dea-49b6-aa6b-d76a5f6d02f3
7b68dc35-cdf4-4abc-a04d-375a8ea06387,badc84c3-5eb0-4d87-8d91-8aeb9d363b29
0d9c1d9d-c7d4-4aac-af61-9b7b39cd947d,1a75aa6d-10e9-439c-8835-3543e4ff8e42
a054170a-d5a8-4138-8025-435bb31416f6,884c975d-d7b3-4c00-953e-30e818c4de23
457806cc-0a77-4c42-8efb-a4f37acd2de4,ebafc97e-ba61-4d57-9864-344748789f49
b1d453b6-fcbf-4a34-99cc-fe1c01ac8fc8,5efdad30-59be-41ea-9f3c-0d80dde333d3
902a4b3f-969c-4ec4-a567-0e6bf2102663,65c29fea-beed-426d-a6db-c63272fa4cda
bebc2d1a-280b-4005-896d-b444704878bf,79d55ec1-d6aa-4819-bebc-e4d613f0ee2b
6ea74214-3021-47f6-9338-dfe1cd572517,e568001e-3bc4-4ab5-94be-f93ebd297822
cf446ac6-1ec8-4ae5-aa48-495a710ef941,3c0c258b-0e34-40bb-8ce4-b7b65855d72d
bde5b43f-e340-4e4b-8a02-b5edb9b38227,a257350f-5e7d-443c-882a-01339848272c
ea6ceb47-7c3a-42b3-b13b-81093c266096,9f544008-31fd-4f24-9695-126ad8a01f30
62ce407f-0f4f-43df-a6e1-6261192a42d1,68f3109f-42d6-446d-826b-183b8a9c2b0d
17ffc2df-89bb-4212-bc45-6c265e55dd72,7bf69058-f68e-4509-8294-2cf6213567e7
9cbfd3a8-b0ea-419e-8bef-4fafc4f4683e,05fca8ba-3b95-4465-b9fd-58cfdfa32deb
c0e30def-7dae-4841-89c8-d94fdaaea706,a779bbfe-d297-4ddd-ad78-cc69e063ed34
0ebe7487-2771-4a46-bdcb-84c4c6075c3a,293676b2-1ef8-44bb-9e76-18eddf53a6d5
0ce22a3a-00ca-4e1f-9c19-db1e25cdebb5,50210211-9c94-4022-8e75-ddbaf1bb4310
069c92a5-054d-4281-bbc5-126352d44670,4e7643c7-3503-43ee-89ad-91080b6a2428
4c3645eb-235e-4186-b49f-129c80bff977,8acb1c1b-6a80-421d-83c8-8ed6c21ec1a1
7e1c7917-aaa5-4d6b-9434-5223b39d29e5,9b6a4606-66b9-4c93-aff2-1b00e33ca04d
528f74a8-cfe2-4f55-8010-84c633e856f2,63ae2579-d85a-4ae4-a082-f5d3bcc2f249
5693c56a-955b-4e0a-aa9e-d6fc08d23ebc,40d3ec23-5b8e-4197-9ab9-f2103f297078
7218e88c-127d-41e9-bcc2-822ab2a4791d,59abdce8-88b6-457a-975c-e2f599303456
dd7a07b0-a839-49a8-9f93-741c1bf23e27,f1b549c3-bdf0-47e7-b5ed-be26c289d8de
7d60622f-e941-4a66-b2b3-c72844a92669,474f09a4-07bb-4d2b-8926-8126ddb8bf8e
60581bfe-7b2a-4c28-9ec6-0d43a6c81bc2,7a0b263a-1ce3-4af8-82c8-35e39de69b29
3c2e7294-92ee-467f-a29f-a7c2fd3c6c33,7988c7b1-47ed-4ac4-8cb1-a30be0e22bad
29bcddc7-77c9-4e73-81b0-593d438f6b7f,555f1434-b61f-4951-8c91-004a7be2b986
fea3ac9c-8b9c-40a0-b8c8-69da6a6cdf54,8b30fc14-61cc-4851-9ce0-a0bdac0cfa6b
3335cb79-2c5f-45d8-89d4-bb22ca550106,b3e4b78d-fa5b-4ba2-b8cf-6725698c4025
1db1a2d2-dfaa-4930-a2ee-a06e848902ff,6a0d7ce6-1cfc-4c9a-a4ff-7e06177df27b
fe189a27-c38b-4544-9150-e440d1fb6677,58f37882-1601-4258-b492-439facfe288b
03f12552-6677-4792-9666-b732ff9b0d8c,3b4f9852-e800-4631-b776-a4516981b7bf
088b4c02-c1a2-4c04-8fd0-85b4659684e9,7020a531-f155-4d9c-af14-26f39bc22732
96204f2c-541f-4310-8b67-f4316a7ef977,2f86783f-905a-4b68-9ccd-6f7777bdd5aa
f5bb0023-a365-432b-8348-2c5c92fb4d16,4885842a-a38d-493c-be71-6cb2ea822162
b00ec324-a231-4e00-9368-7df5c83ff37a,af2e9884-a539-4b57-8ff3-c8046e743cbc
6158c192-fe85-450c-b58f-f31da9b26295,44cd9879-36b0-40dd-9bb4-7d0bb9e2edad
0c383f5f-3c5b-4374-b683-ecd9d9d76a1e,0140f3a2-d16c-43e7-88ba-548487547f42
15495ae5-24ca-4896-b0db-4f896f3ea10d,0c825b78-4486-47b5-b2fe-b808f6db7785
0ed6e97a-eb38-4c37-a39f-1aaf9d3f9cab,11a76bc4-a17b-4e73-be42-3fb2885f2140
5c6cdcb8-8940-4495-9951-d44b44388b8a,af9e0b87-3d48-47a4-ac4b-6457e280a51c
06e59471-d2e4-4dd0-a8c4-92969177c545,e320d2d1-8042-4d0d-8cdf-470f6ae28455
15a2a629-684d-4fb2-b1f3-61822634dab2,e2c12fb8-7af1-4b69-b5fc-c871c1fa80aa
07801ca9-4601-422f-80ae-4eac0bf8e1e5,cd362e13-8713-4f9c-829b-be68413aa5bc
4ceb737b-e80f-4661-832d-d1d402c4e929,a5252062-1b9b-4ed2-a9c8-84d0e46f3ec9
b096e6ea-d82d-4e04-9113-84b05a4c1412,1490bef7-e749-4c81-8789-827af0beb386
f2c080f3-725b-425d-9f7a-b85bdd770d4f,0b05d0d9-8226-41e0-a29e-1f15ae692002
b225fbd1-c0ca-47bb-9399-9892039c3a96,02524ab9-4a89-4479-935f-5cd37316baff
ca0d368b-b98c-4877-b1cb-2c45c51df7c5,ef85bac8-acf9-4462-8fed-ea2142a0c056
1266b360-69f8-4952-b6e2-a47226e782e6,e88e8f0c-2b86-496a-b815-6cbc9b3d1671
c9cea301-d7a3-432c-9473-d19fb4cb8e44,feb05343-ff79-4a9b-b230-702c64aea2cf
5d678930-7445-42cb-892a-d87a51e831c0,968a575d-f016-42c7-8afb-8d403a73d531
edd7f735-81a6-46f0-9d2c-483a0931af20,7e1e6818-7972-4800-9c34-bbbb96f855a0
80ef1a80-21fb-44a4-886b-ada557627e1e,e5409541-b9d5-4c78-b360-3d1ac5a4c3a3
1384a3c2-2577-4ef7-ab46-9e99381c5ca8,b60d590e-2e18-4f63-a607-2c8166810169
ef7bd96d-2318-4f58-974c-d07757ad0673,66ef6387-ec24-494c-a126-6fc8f7bb79b9
020fcd15-1897-4500-829b-3e98f6d4cca3,0c1b4cc5-4630-4a01-b381-60206c70467a
42508050-5300-4aab-ab2e-054ba33350e0,40777756-aada-43c4-a2f4-85929eb91864
c0ce4364-8b4a-4073-9002-ad060580deeb,56bf69fd-6b2b-414c-aabd-97ddee648e51
96a2f436-a80d-41a0-b8a3-b086b66d065e,38556da1-25f1-4435-a05c-6dc4461dbea9
276020cb-f7cf-4c59-b32c-8fd23a7b6e3a,a27763db-7eb7-486e-9c7e-8bc95382dee0
ba98e7de-d4e7-4750-bbba-d4f038c8052d,abda8698-00e1-4415-b581-0a57fdc20298
50adccca-41dd-4433-a698-abdfe93c4055,b3544be7-59ab-4839-a03c-6146e0bafe9c
eebb0166-c620-4913-bf73-2a0bc2491a52,6a012f9b-6acf-4118-93d9-dc5010ad4bcb
90a500e6-1a9f-4f03-892c-19ab2a97e518,9a0a5732-461b-4995-b977-fa2d4fdd0498
ea25b318-ca96-4050-bb1c-e4619bff63f7,cdd2a276-0a63-4d3e-ad62-0be4faa9f752
1f3a3f34-4cd0-4ca6-8276-a1124ed51f46,db394073-77d9-445e-a4b9-a192f1dddba9
685e1ae6-b65a-4658-a24c-383be318f1cd,044dae59-c360-4e05-87ec-2736285c9383
46f8cc55-e7ee-4556-83a6-59964dc70acc,3e06ce53-002d-44f3-87a7-c13324c7524e
f652887a-b699-4fce-9947-96b93b02b158,a7e6af6c-e389-4178-b5a5-73f7b26d6b8d
c26457dd-8038-4b0b-b65c-3ce65128b7a0,c14100d3-06c0-4a52-9047-bb2ebec778c3
56da23a2-e0e8-4ca5-9063-90e541d3a6f7,975d95b7-1765-45a6-94eb-ef654c1337dc
3008134d-756b-457b-905a-30cdf39df5b5,ef3ef2a3-840b-4567-9ac9-8b61cc9ead7d
a27c0df8-2929-438d-933e-046a913cdade,12060150-c28d-4c9b-ac1d-1d7d2c6b9afa
6ae86ad5-2b6c-44ce-ab8e-8c31ae291c6d,d242951c-77dc-46e5-be1f-5fe3fc149eed
ab900f6d-fc56-4ea1-8df7-33240fc53a1b,e0f5c0b4-4056-4b70-9f07-a35bd7b8d465
5d0fe3a5-8e41-478d-9242-414e9634b061,4162059d-b3d0-4df4-97f5-bb0eb802b853
87b66c5b-1035-4b88-8f1a-35b0c39292ae,99298a33-ac21-46f2-9914-07634656ade5
e4204c56-f5c9-428f-b7e4-765cfd1abee5,dda05369-4623-424d-884c-919acdc112ed
6084f225-2fcc-4230-9519-5a887b5ccee9,8f11630b-82db-448b-9107-51692bc9e61d
2472fb25-137e-4f51-a9f0-018c41571f27,ea13a115-15ee-4864-b4ad-9bf19c88e73e
0c60dbdc-3f9d-4a92-a874-6621960c0940,88e1cbe8-1dcd-430c-bd36-56047516362f
53d6cddb-ed29-4a77-8fd8-7159f4705519,68c072c9-067a-4cf3-87cc-416329400e53
7e110842-1426-402b-9ced-3327b716e865,8e914449-c780-4cae-b738-9bc6784b2f11
3a55c9aa-7f4b-44f2-9a80-7496f82ec838,28a627b8-38db-432e-aa33-b2f49d18a9a5
cd07ed42-c2b0-4e90-b34d-e99e6628678c,43c037ab-e961-48fb-acee-6e055b237460
388da104-24e8-40f2-9572-43eb4c6145a2,cc069004-a213-476b-bfca-076ece740d6b
b88f5a4a-6b24-4f2e-8fc8-201e2716c63c,684f88a0-2215-45ac-936d-4e8d2eb8da8f
08640fd7-cdb7-45da-af8c-468afaeb8858,55fb9c40-90d1-4332-a3be-603812f04953
6dca0aa6-c701-4e78-b2a4-df6059a98d5c,8164c624-5ded-4666-9143-8b277c7bce87
ac43aac6-23f3-461a-97a6-52da533dd1d2,f2eda8c4-5743-40b9-bc8a-06b92932571d
2d384d09-5441-42dc-8f43-bb7dcfaf5902,ad0847c3-ec46-4bfa-be79-1cedc444674b
5262c4b8-778c-4792-aac2-b0cc9a85d888,9a18897a-d603-46ea-9bf6-c3334a1a0c5c
8bd1988f-a325-4c4e-881d-f1a66ad8117d,cd168a2a-6e02-477a-ae23-54e84c32f4ea
49c8f1db-cfe7-46f2-9203-8bb1c71f569f,8fcaa4ae-fb63-441a-b446-3e2f5782011c
6f76a335-5052-4213-84a0-d1f8766c97c8,8344b097-f5c5-49ff-b05f-278d031bbb3c
9e53102b-47c1-45f8-aa8c-81e78516c5e9,305a3120-3258-45d1-847a-829cf792a714
dbe13cce-0997-4a45-9ce3-4d98636e1876,5b7ba70d-05f2-4030-93c7-038f80b5a0f8
48ea6bb4-e010-46ad-869e-15903f9c8205,314c3fad-7f81-443b-a285-ba38db86fd10
1994b29b-6cc0-4b7c-8569-e95dcdbb4ea8,b747f356-8f18-431a-b2b4-128f72d21f58
e448c656-cf70-491c-9bb2-aafd36ea7c6c,fc8efc33-5099-4eff-b002-5de691047d4b
f97d5058-6e2b-44e5-954e-e97f481fdb33,d498d125-66be-45a8-8cd9-794e192dc3ae
40f7e63b-41b8-4fda-9263-4a44feed7d0c,d381a6ed-d36d-4eb6-9d72-c4dd355a0766
326f6ada-b26d-4072-937d-ee47695bead5,128d8c04-915a-43e6-8895-f32c83051a48
6adf4eb9-fe44-4b24-98ed-9d28525c1294,9e315c5a-310a-4ac5-b101-eb3b6df1ab51
f44bcf0b-ee44-47ac-877e-870fda718bfa,dafa0346-7485-44b8-bb92-4fe2574c60f5
03b2d034-1f47-4559-a35b-6a2806c0f68b,191cd600-777b-40dc-bfa6-10bac67e67a0
6302b157-1733-43ad-8b9d-7666fd9716ea,04e33463-e39a-495e-9a88-12ad51f139ee
0f39c2e6-b6d5-4a03-a0fd-5929b0fc7268,8e4fbad8-003d-4cfd-b3b6-e77b608124e6
6fb7f1a6-c0e6-4114-9d31-1c2213321d59,ab732821-fada-4e0b-a74f-65ace5b4f55b
04a2bd73-c53c-45d0-a48d-41f343c75066,17a9223b-692b-44c7-ad3e-f101930483bf
227106fe-9fa3-4a2c-84a1-74572f2a1ad3,4920f66e-79af-4377-a35a-651e51d14345
81c55a14-9ece-4e7e-b3e1-f6ef63888725,5c6e6e0e-8782-4e65-9abf-14fa3cf427c4
f55b04a2-ee4d-4eec-9f1b-5d2902a84ab0,72b170b6-32fa-43b2-b5e8-6fc75e9c895b
685a4460-e675-46c0-92b9-99d8cb80fcd4,4e35fde4-ea34-4156-9f3d-a890ffb6e373
26f15d87-d486-4868-9b65-f00e3ff6dda6,fb371c9d-84d3-437e-beca-7d31554383ba
5bbc507e-b382-4163-a15a-fb6b48d31980,5f7e626d-6150-46be-ae81-a4a665b0d240
8f1d8901-6787-4728-b9b4-0a9e59dd6bf2,4640bbe2-70d2-4489-bb0f-8f5b437a45fc
f0756f16-82cd-41e8-b8ae-199aa4fd1893,21db5d22-6a10-4928-91e0-8f4cd80bbffd
43fb31fd-32c1-49ac-abce-f714850218c6,7d9e1a1c-6d4f-44bd-9bf8-172522c2ebca
409c36e5-8cca-410f-8fed-70dac39b1820,3895e7c2-e983-41fe-bfce-b13c46d3f57c
a9fd2183-37ad-4f7e-baa5-03eff085e678,78b99a25-c805-4ff8-b07b-cf6274fc91ad
d0004543-847f-49a8-9af4-d206f5e6bbae,f92f0ead-75f3-4ef6-a844-caeb8575de89
3b408f0d-4355-499c-902a-6bfecd174135,e58ff62b-1a91-44f4-bbdb-decb25e2e754
6ff440bd-4c5f-4f9c-b097-5914308c1298,cf0f168e-7958-405b-811a-d3b8ab3e7f20
3241c67f-abdc-43c1-b1ae-0bcfae8c2c46,1dc675f9-16c7-4d47-a114-603bec67e57b
116b92e8-3ad4-4f74-9c4c-74f3b87ae128,f5e066e4-0bb1-4f76-8b20-4aa361cc0b1b
13495191-1ef8-42e9-9d71-24fe349bcef5,92afd5fb-64ab-4dce-b66e-b03f7ce2b4e9
00ba5c39-c5de-42ae-b396-3ccf8453e67f,4808ef17-5e10-43b8-9580-1aa4576d4d03
8f48ca2f-71d5-4f1e-9cbb-5b4877d0f497,021155fe-6422-4c88-bf55-5283155db509
0155a177-91cb-43ec-839b-83811a31889b,febfe435-bd9f-4a67-980c-897b9fef32b8
b2713180-d884-4863-a2b4-98ee615aa604,a8b39a64-aa88-440b-a5a8-c3679a319d15
47fa71a9-23c2-478d-b5c1-9fb873358d70,2e033c27-9c04-4db5-9b4e-580a40f113e7
730850e6-d126-439d-b149-65e3643d171a,70e2682b-b4ff-46c3-8851-57b150e9173b
330964dd-5321-4814-8a95-759e28a36a93,1cd46253-7e04-4fc5-89e4-e1d6917ad38b
a8c46503-b1bb-430c-a516-49ee4d30910b,47923ddd-5d8f-45f6-bf69-2641f17845a3
e0d24454-1720-4578-b34b-488bd27928e2,174d9d5c-67a4-402f-86d8-3847fdaa7a01
9602b50c-1f72-4c4d-907c-8a60338de5c1,aedda9a2-58ce-4d77-8c27-277325c93669
5375a8d9-fda4-416e-85f7-a8f19670fe49,5a1a44c5-d273-4db3-b1ec-0d6e2eb77997
380f4b24-e430-46d3-b6a8-53e344e17305,2b8788f7-c658-4974-8ec8-8d7fc79603dc
c6d01bdf-9002-4476-96d2-6908ebe91405,50c391c7-a022-4568-ab2a-c8efdf9d8a86
4043ded8-4547-4397-8246-babd4c095c58,d9448711-d7c1-4287-baac-79ab1c15f39f
b01b6ee3-18c2-4bb5-b886-fbe846a35d48,39d74d32-a09b-458c-aa4a-9bb2ed03108f
c634bcb9-1f40-49fe-a372-6190ea0d3067,6bb97ed1-6148-4764-83bb-f3b5a813b771
219cba77-fbb0-4752-91a0-7cf72b1efa16,5d61ae8c-d23a-4793-abf7-bf2975c699f2
7980c780-bcf7-45e3-8221-39ecf83e340d,3a179507-02a3-4aae-a530-65f7c8e66bf6
8336ac21-4c12-47a4-abec-c688465af41c,d671e0fe-c80c-428d-8c21-402502aa25ec
bb6f754c-a017-409f-a856-21e31a0cfb3a,4960a910-fdd6-4cf0-a683-a5563a128723
3d5d6517-6606-4db2-a5b4-b52467e8bff3,a3f305f7-d6ce-4715-8e23-5db6da2ee7f2
4c4045b2-68ff-4ee0-8dd8-9e52c6fa8151,42e9a771-43a9-4869-8e04-1ae59800b217
37c69d8a-f5c5-4096-95c7-ac9b98822613,b3021239-e2eb-4c1c-9351-3cf81ca0ac3d
08c498f2-c171-4b4d-94cd-6870716412a7,460c9056-6680-40a1-b10d-c2932b549744
430eaaae-d141-46ea-a71a-a626e9b043fd,a21d8d91-918f-46d3-beed-ef3547caf1ec
89f73bca-adf1-487b-8404-421bca5bb203,0f98c8cd-3331-4eaf-857c-f5a5fbd22267
0c42408f-5617-44e5-bb9f-f5082b2493ff,016197d7-57ce-4a0e-bbc3-4da3b1e7c4be
036f39d1-052e-4a7a-b86c-c1394be02bce,e2d3017d-700b-4ff8-b660-483f184a6b1d
4022b126-c980-4f96-8660-5f3fd54ea7b6,bd4760e4-dcfb-4722-af3b-106464c2c10f
be9a15f1-ac3f-4a0c-8245-85420aa76a46,f2a38407-f5ac-45b9-99e1-508e27d8eff9
e0e49013-a3f0-42ee-9b92-3eb2b472f591,35675a5a-5aa3-46bf-9a6b-1d7048825e5b
b17941a5-07ab-4339-8eea-886be10aec7a,354e2ff1-0a5b-4840-b401-fd9abd7ca822
ecec7966-1843-474f-bc70-ef461165c558,a0817dd4-9228-4df4-9cb7-4a3d83ff819a
f3ba0370-4fbe-4206-bdcd-b602f1a41424,0bee3edf-34cf-4530-bd70-5087f7900683
209fe031-d243-4cb4-9dfb-3b7748fcbf89,bb780b12-1ab4-4d8c-b7f4-eddd6488699c
ff964be6-0d32-4e84-b0cc-f1b526b149b5,a7cd8e41-5aaf-474b-af8e-c4dd39d37df2
5f1e7ff2-4ed2-4eb1-ad50-e1294245ac34,8d5d8455-a711-420c-9ac5-6f81394ff6cf
bb859141-476f-4808-a5a0-fc52a8a8d728,d03a5554-3a27-4749-bcda-e412f9f8133e
0697cabd-1237-40d3-b887-b9f7afb4c0ce,77f9154a-be67-4b07-905b-e131f7553e6e
b4e4a3f9-640c-4bd1-a12d-a6bf4d387a87,672479c6-b4e3-46cc-b1cd-529fe412afa3
fdb96b4b-fc69-4059-baf3-b5c7a2636c99,eec2ea48-095b-45bd-adb4-c1443c8c4f3e
b91c9933-913a-4ce2-8e5e-8086700fd196,02eedc9a-6e71-4b87-82c5-3aa509fb3022
07341d5c-4d7b-402f-8204-0ba25c4aa9dc,a32c858e-a82c-4f11-bc82-bb873a595c66
f6c50ec4-8065-47aa-b0a3-b40e154c417f,cf0992ec-df07-45c8-be2d-7032290b43f1
caf0d3d8-184b-458a-b3ba-07ea8694080c,bbc03c23-4cbd-4d0e-b820-790d988f40c3
8319ed49-afea-49e6-934b-3d6332c67891,36b9ee6b-2fc6-48ef-b99f-fe9404cb10a0
359ce4c9-ade3-4eb4-934b-c509af4301ca,c9073e69-fa22-48a9-8c6c-390cb00b0b52
20d723dc-563f-42ef-81c6-edcd30e8c280,068d932f-c0bb-4f53-a193-9f7c14a25d79
4d2e78aa-7fff-40c7-a292-2a2aa142de66,0a22a8e5-dea2-4f58-a334-996264b884f5
19740dce-0a1b-4dc5-aa1a-91a218c17408,2ad36088-fdcf-482e-a6fd-4e9673fb193b
e64a5154-b7a8-420e-bc0e-cadde9ba6491,5d1596f6-d5d9-4b36-93c2-27d46a9494a7
1637d152-9f88-4132-b2ea-b8de94ca8d11,e33f3141-697b-4d18-be05-be143bee650a
c8c86deb-4fbe-4442-8755-12e30e47e8d9,569f7b25-9ae2-4671-8da0-4ce73534ee04
d0cbc7f2-5c02-4009-9acf-391cf4e52569,db969f0c-8257-4ce9-a2a3-ea79e1d05ef5
e8b7b273-f4f7-4c4b-b84e-79196834f0e6,3a5e26ce-a19f-4062-9b98-f719c290e9eb
7b3bfdfe-aaa4-476c-902d-e3059528a966,48caf127-8cac-4586-84ff-abfea9d8d3e9
45f8893d-c855-4482-87cb-4c71da65a052,89f89c17-fa41-43a4-b2a1-1555aff9303c
4fdd3f43-14be-4b29-bafc-bba1a51ccb61,21229090-29f7-4132-b54d-451dce64fada
a5ec25b6-b48c-4cd8-91b9-db24c3a7d421,eab3ccbc-39dd-4e9c-bf16-3857f48e1cec
8f4c9d06-5d0f-4189-8dc6-a7ee767d8a00,716762a6-39d0-4d32-bec6-c00efc0ccb14
454190c1-41c0-4932-b527-11726dddae60,581f291c-5e02-4ad6-a20f-7948dfcf45dd
7cc2543e-306e-47ba-bc22-c9f07d98607e,8cee2cd1-3982-47cf-8d7d-a9e2f31c5b2d
0702d13c-9918-4074-a455-ddd2497d92bf,56e984f3-e51c-43a4-820e-d105f82a4cc3
689b3de0-82c0-4993-ad42-ca84065a154b,da70cb5a-2ca1-409c-83ba-40b6ef4f60b4
b6749ae8-5862-430f-af68-e951e280f279,03ab35d0-238e-46b4-8836-8c4ec2117025
1bbc2162-eeaa-46d2-bdb7-2fa3c7259121,d1fa47ed-964e-41f5-8596-d5ba942827d7
46a8d200-9723-4d91-a068-9f6270949818,17834e98-6938-49df-be70-1e91d9923f66
5b4c7982-0cf9-4439-82a3-52500d8ad7d1,6029b44d-4e54-47f1-be24-5bab7de3c427
1e029dbc-049c-412e-bb80-e83467d19d8e,628f0cf8-9159-43f8-8b85-35cf210e3a8c
ff941354-1dc6-499b-8501-d5848ad5be70,11406d8c-84c8-44cc-8346-0416b0bb718d
c95d57ef-e478-43e3-9fe4-e5b04c597326,b141a767-8a4a-4823-86e5-85a983319a9c
7107a23b-8d45-45d3-9ea7-a9be9e9e400b,0b23825d-714d-4aa5-9a8d-017ac8738396
824dbd38-a252-42c8-b5f7-160d1c52071f,89ad7618-031d-4f6a-b973-942f32a2ea71
41f4791a-1ac6-439b-8ad0-63e5af02a5ec,32ec19b6-7546-424b-861d-32f6d23b6de6
a84aa29e-8068-4f7b-a50f-5db49b028cad,43bbcda1-2467-4e5d-a5f0-e8e45647dbdb
d9d7ef24-21e2-4202-a391-bfbb59dc9c52,6377e79e-3283-4681-ba35-12e54aeb685b
b8515ce5-35fd-4a53-ba52-82343b36dece,934051ec-eb65-46fa-b7ed-2335c086e6e2
67b3629a-e8b0-4c1b-8a3d-41031eb2a610,65d7eec8-8efb-4118-a7ff-9f3810abafe7
09447ef9-8052-477b-b5c8-28e7dd1537f5,474bc143-bb7c-4653-8e43-6e2f055ee76e
0892f088-989a-4b41-9fe2-ec1548f3593f,102f4cac-05cc-41d3-8f3b-25abc43d9ea7
5c2b500f-1abb-4d47-8205-938b9e512716,c76b3046-ca46-4a13-aff3-db92971c0d93
2ec97f40-3842-4833-9847-d5b98ca8cd56,9f8f9a04-5ba1-4414-86d6-044672067050
0c25570d-61c7-4ee3-ae61-3281409b3e91,ba087e3a-feb8-4b83-bd71-6f95914b703c
cc201d4a-9a76-443b-81af-0a922674f953,f7eaf9fe-cc1a-433b-8527-d6554da11582
ced4813a-6230-4595-92f3-0d06e28418b2,f2ba274e-9a2f-4691-8c28-a89f45acb4bf
50512cf2-fab9-441f-9b6f-b4f26f00f199,27d5f02f-ee5e-4194-8730-1c0c39576e08
d4f98ce9-dfea-427c-aa10-3a3b8ac95f91,3e457d16-669f-44fb-bb82-ab37301e1394
7e6a61bd-0729-4af6-bc48-b93baf1b23c2,f17b2c55-6547-4600-9905-b941834e2bb0
4d7d05f4-6871-4e8a-b520-789937e3da8c,e82ff870-62f7-4f79-a9b2-af49c1795b7e
9aa5bddd-f956-41b6-a136-7c18434aa59b,83d49899-da18-48f9-b9c4-8a95a1d732b3
de43d0ab-7381-4629-9e35-b5799d790807,a9fdd11e-dc91-425e-afc6-c2fd7e5740c8
0cb34d90-a5a0-4ddd-91ef-960eef438d8f,3df0a62b-fffb-4e32-b94b-42e08a0cd686
5cb9f5b6-f74b-4dd0-8891-4ddf2ab9ea74,60c677e9-27b9-4f5d-9c98-258adee4f3db
9629443a-9c97-4967-8eeb-84d2fbd9fd38,3561ce98-30c5-4421-8584-b12049f2a7c9
066c1f2d-7d11-4261-9ab5-cb5d03b67848,61546a17-c517-420e-a1fd-5aef4650305d
d46c15e1-274c-4b37-ad18-eead5f96876b,277e6aac-cbee-49d6-9c30-cdc58323a97c
d0eebfe3-2981-49c5-9909-591df4dcc4a4,bd828f3d-b6ec-4e68-94bc-217f38554a81
b4fd903b-d221-42fe-953f-f65f8befafe6,a80ff21b-8cbe-4eef-92b1-1eac46d9e48a
bc5ce9fe-9f4b-48d9-9133-ff922a453a57,16c53a92-568a-4ce2-8940-a28b69d21f13
292636b4-d163-4192-9103-026f45fd523c,dc92a02f-3dfb-4631-ad72-5698bcdd1b93
3096fa05-544e-4f15-af8a-fcc99ed12c85,68a89a37-fd8c-4305-b631-025a1149fb4f
390baf00-2181-4de2-8e87-a59cbbbb0671,5ffc0fb8-19e5-46c0-9ab3-9b96b25f5432
d8032030-f1d7-4961-a25b-2d0a3bc2807c,8bf01834-67ea-4305-b368-ef38f654941a
80246cab-b218-473f-92ae-786126fae2fe,cc72657d-5245-43d2-af28-eb314b7c5623
117a1155-4f25-4a8b-8b80-d5078f309954,09223275-6a17-4008-af56-2976c8fc6f44
8653ebbc-0ae7-484a-96b0-6b094999ea5f,43942c8f-5ccd-4f98-84f2-366035e7e427
10b43401-a52f-4d50-8c2d-1825db4c861e,b91aa0c7-0bfc-462e-a456-9bf68d68e0dd
0661f2fc-b004-4609-afdd-7d795e40a924,665e9927-28c9-4c56-94c6-aa161cf82f3a
ff89435b-9a55-4b90-aff6-845959689273,afba7623-2b84-4537-92da-d1ce5e6bda48
1ea35848-d2d7-447e-b3ef-556e160cd1d9,a7846eb0-3b7b-4623-83a5-b2c37e2a060d
2a9e13ec-56d0-45ce-9bc6-d57b8d9e0cfd,ef3dde98-22ed-481c-9ab6-59e3fdd591b4
bbf0de31-bbc0-4d53-828f-f8b7453df78d,9da3e866-e5ad-4b08-9b3b-b91302e9be00
fdbcab34-512a-4dae-b7f1-52171b0315e9,58f38299-fdf1-4114-a749-65e1deba8b2c
284fa562-6fb8-4826-9ca5-b3fe295e3df9,a008a3a4-8cb8-4b83-8817-1a2b542d0b12
d35f494b-4e30-4cb5-80a0-b0a7262ba3ed,20fb8a57-dbd8-4b68-a785-eb7acd9a8f5d
81c80d31-8d0a-41c3-86dd-00482cef4c1c,349fe159-688c-4776-8482-b2cbdd45f9a3
deac1e66-b698-408a-bbc5-bdfb2f62b0b0,ef5f4121-a544-4fe7-b168-fffc854c3f2e
47c5fd7a-b238-4ecb-ba00-1ac834733ea6,58b5acf6-f34e-40d8-8986-f856fcd08bd6
78645ffd-0296-4b43-8c0b-8c8990864e71,a4e68dd1-8291-41b7-a179-1aa3c58fafcd
b06cfb08-82d9-43b1-9702-d567b9e2ff2e,651b34ef-0b5b-4623-8a4c-7e6d7bab3af1
c844dd1b-987e-4d3d-80c6-5b3cabedc871,17fbff22-f700-429f-a4bb-eacf294c5a9e
44ebf068-0494-4f18-9c37-46214ab1f29f,9578acb4-0e89-4f3b-a153-6967d2d9a7d7
ce67c6d3-d2e4-452a-a57f-1c602b089255,a5dfc1a7-e152-4ba5-b2d1-94ccc2d6fe5c
3e3268f0-507d-40fd-9a56-68cf71cc0e15,fa71942b-646d-477e-b32b-795d439b9771
345cd4ef-aefd-4876-ba60-83ad02f20e36,fef61205-0fe7-4928-acd4-01ce85f7d5f7
1d497425-a791-42e9-b47b-f2385dadd5d4,8a45f8c4-cb2a-464f-801b-610fc5747848
340985b7-9c04-474e-b5ff-38005e7e5f33,b9128b00-cb9a-4cd4-95aa-c524b80c66f3
d0af8c34-61be-4744-a52b-bf5841fd760b,b06d82aa-05d5-43d5-92f8-b03f82e3c227
42a3098c-c739-4871-abed-a66c91c23865,a5cf5293-c2ea-4e07-8c32-1ff15b109fa6
21c2c03c-6492-49c9-b680-b8b7d7ee18b0,6569941a-b8b8-46ee-b265-1e8e0afbb091
a2dda950-6c62-4253-80b3-189dd136895f,e9bce352-27b9-4784-a766-ecb283a4b551
3abfc044-c1ad-442e-9ce4-a4aa51a39318,5c4f2ab2-817c-4232-8f55-d50e50c0ff44
c23d20ee-0155-4e9f-9faa-060454b5ea6b,5352f158-cc9c-41f0-b313-ef1b186cf2eb
d9021b85-51c6-4b1e-b465-1ac86e1cdc40,7d723a39-4695-4d8b-a678-7335f5bb6c3e
6f04bee8-fb2b-4238-9644-8ea519a7f9cd,4a521dc0-520e-41fb-b60f-b008fb4a5b77
2a63177c-2e9d-45bb-b4bb-6207bb03ed35,864826e8-c29a-40c6-bc78-99dbdabe6770
664571a2-39bb-4f3b-856d-33d450d66f5a,8dfcf5b3-84e4-44e1-a6f6-d75e5547ffc0
76a75718-16dc-4381-9d1a-f55add880745,7ed2d126-cc12-4a90-866f-3f1047df6f4e
e9d9da79-4749-4a4e-a6b6-13a32faa60ee,298016ef-ca27-4da4-8dd7-0d70fdb976c2
2820dd4a-439b-45cc-8178-251085477f8a,577908d9-ec1b-43b8-b0b3-bd79ccdd6ae3
2c1b631d-dbbf-4421-b0a4-57d001495185,0f5b560a-36a6-4abc-a6d0-3486156df372
8b722bb9-f809-48e9-83ea-553a4b020dc0,79c75135-5b56-40d2-b394-be95f3a4e8be
e4d83d33-2921-4cbf-8cbe-761e46ad1754,85299262-91c7-470b-ab00-75b8afb15146
d2a453db-df5f-43dc-ab36-9e36841359b0,cfc6cab2-4675-4639-9410-e29b03778a68
37eb7482-d307-4875-932b-2c2f69d3da10,62451778-3841-4859-a6d6-1d962dc72903
7f3bdc85-bc1d-4d76-825e-b7ffd6821fd6,4bf0406a-14a3-40fa-ac55-0cc01e151f89
9c4cbc25-476b-492a-8e1d-67602af487db,547a3ba5-4894-4a63-9f09-41f2ae459b54
1c26fa75-653a-4309-a098-c03bc16b50d7,2d44a7b6-cf62-483c-bdbe-00a4efe0a8e1
a428313b-3727-44fc-888a-7f98732a0af3,7435d6e7-aa18-4e21-85d0-cfecec0f5156
1dd72fc4-9ebc-46d6-9042-ccfb5e05f6e0,25dd2190-c505-4038-8ed0-7a1410e887ee
b4933d10-7ea7-4ce5-87b4-4ee21662936a,e2d464c4-713c-478d-88a5-3c9b5f2ac523
0cc7f3d9-a384-4f20-9dae-034fabf23e91,08951285-3b5e-4ff8-a96c-6753b2679a97
0ecdaa49-199d-4aed-bd9a-2927c67b788d,9d50314e-bd83-4080-b15f-94d72742a160
98ae16cc-23bf-4f92-93c3-fc830dcef72f,079b3bfa-fd64-48c7-b4b5-274d320a4fa7
f4f4afbf-626b-4f93-8bdb-2f297125c474,6bab782a-5dec-4cc0-b0b2-a74619362c5b
f02ce95f-7a70-4d3f-8c12-a7ad2ff610be,514c1f51-e310-4b52-a8e6-a31378d807fe
553d0b3a-cd8b-4fb7-b9fd-758489aca8ae,7272653b-0787-40eb-886f-fa5b42036524
e54acc0b-6877-4a24-beb6-9cbc4722ebb7,4d5d0e70-71bd-4ac4-be31-505b937edf21
5a188f84-4a39-4597-9ccb-9757fddd771f,ecfdd29d-e870-43fc-8fba-a19c19d0d36c
9e758bc5-1389-4639-8ac3-44586dab63fd,46fbd6b9-ab26-489b-90dc-532f3becb150
6ea6b200-78cc-4533-9498-178590cc13c1,8117bc34-35ea-4789-ada0-9269f20687f2
4b73c005-3fc6-45f6-9c69-40c0577fce45,d349d8fa-7d9b-48d9-9912-3e22f1e40972
ca337c27-b61a-4f99-a8b0-d9d52c40a9ea,af7be929-97d3-4a81-9356-d89d22d15570
316b81d3-a474-4cb9-afda-dfff3accb4d3,669adafb-15ab-45a4-9dd6-7023b440ae90
e9e4239d-7b3e-4257-b1f6-b87dea9cd939,423b7a28-4f37-49dd-a450-0d95fe797e51
3affe2c3-5218-4dcc-bdd0-9f41d0a4a122,15d56ff2-3a82-4436-8dbc-72afb6cefb3e
aded2910-32a6-4c2c-a4bd-8b735b1d9d18,f2452f31-d58d-4e6c-a6cc-ea11c037a4bd
61f6b9d4-f9d5-4d57-92d2-ba988942c0f0,c49c9b3a-592b-4db9-bec6-fa3427b30896
18dfda22-a27b-4f7a-9062-71ffdca354d0,e34e430b-5b05-4653-adc4-1ecd71884af1
9d5915ed-2217-44a2-a1f3-a689e7225965,ec7254f6-2bbf-4a97-b498-8b987a1de17c
7f6f9876-bc1b-42a2-a899-6a230f5632fd,d80967b1-9c5b-4d9a-9e08-92b02ed3e7d2
db430f10-f548-4087-99fc-1235f8908a0a,2a820a76-8f8c-420a-9a81-0d804244e5ce
47a71174-5ed9-4d66-aff7-219c5f373ec0,927db1ad-bcad-4fbb-b4c7-f7aa8e2c5145
63abe06f-33f0-4b9c-a05e-983eddc2a9a2,137fa40a-6937-4e83-a068-2fa2ad242756
7096041b-0061-4594-8073-2c74867e189d,b82c0bb9-e41f-4a35-adbd-f7d827ea31c8
7c32a096-da45-4259-b347-f91632a96017,7eaa4d6b-7257-4356-bd00-ca469f9e024f
0829c6c8-25ed-4a70-9094-875039befed4,9aa96236-08fd-48e3-bcda-c926619a5d47
dc67380d-697f-4cff-9e1e-f80d183f60ae,c1c8815c-17b5-41af-a6c9-5eb6001200a8
874f76e2-2f32-428f-9183-0b9b7439d13c,8ff4d754-eab7-48c9-8608-f6e48ad1b3c3
db7ab566-8e2b-45a4-bc69-3264df8992bf,7d4bf699-f602-4742-9b05-04b74867d887
9de32857-f12e-43f6-b7a8-b94770a87423,d1c5ee4d-2e3e-4ac9-851a-a30fd7fe814c
34d06355-1414-409d-b79c-5caf8ebd77c0,9d87929f-b85a-48f5-b311-08050f619084
782b1ef5-ce53-4413-a33b-59c2574c35c5,63c43dd6-d431-4514-b359-8018e7336621
95ef700e-41df-4f2d-b98e-3e88915f5bf1,32200ec1-13b8-4e4a-9669-f3d485887961
9e25585d-46c9-4ac2-974b-d7b273f2bad0,83369608-4930-4539-a17d-454fa7f4ce60
145ad317-a8cd-474d-ae92-621c68833794,12f4cfeb-7dfa-4252-928a-9b30ca1bc929
ce4c39d9-30b1-41c9-86e7-ebde395e35a7,6f2699d6-e6d9-4cb9-b8ba-93872a7e875a
23f59381-dcc5-473c-8804-434da5a85294,63bafade-6280-4940-a600-0b36db6c2dbd
71015139-ae7c-485f-a935-535477032099,06151a61-2a62-4f38-8157-47272170102c
1b8ebd45-8b46-485e-b347-4fc81c0238cc,da81e36a-6c52-454f-a566-0f38bb058435
0c6785f2-2811-4f40-b903-60cdc16507b6,b30a7862-2615-41c7-ae84-643c923c46d7
ff4bb283-b4ad-4e55-9bdd-39e963520247,7832a0b4-4004-4b3b-bb4e-b3f1d4c4d359
1dc9444d-c150-430b-b2c7-88f48ed54442,1aeb9681-7a53-4281-a882-f5b92afd9b17
31c5da81-f121-4bce-a7bd-0a5d940b43c3,3071f2c5-bdf4-4e54-bb6f-90075242d6fa
d8ed3a0a-76cc-4b03-8fb8-3d9c41491333,7e769209-9944-4ea5-82f1-ad43117695f4
443adeaf-644f-4665-813a-0b1efe3e7e1a,f1326f40-4092-407a-acae-db35cbecb460
9c9e4944-2b92-4805-8192-c06651a9b680,f7a2a360-8006-4bde-8708-68cec3aef007
4938265d-7a5c-4995-9c5b-eddf5411fa33,9a273ee9-a0ba-48f5-9ca4-e24447c8c70c
fb9bad91-3a86-4b75-bc65-07840136c803,7e5602c6-000b-4b5e-b6fe-60dc99f50091
ab42c5fd-642f-45e9-ae07-cec75ebe1a89,26ff0317-6255-46d2-a2e5-053c963e4bbf
2097cd24-f7fb-4391-b48d-216e07b07f82,f79ebce6-4319-4255-89fd-6c81df428f5d
7aa46f59-05c9-466f-a3c1-ce8096eeee85,e551f813-1e8b-409b-acec-2b435e46485b
d2381b88-3089-49f9-b26a-a1167369c537,5070cea1-16d2-4fc1-b580-3c354a00ffdb
3c0bdeea-acb6-4241-be9d-02db4dd33ed0,1709fc44-a8af-405d-a8de-da50b1715f3f
e2a9cb07-1a6e-4020-8ce9-9fab5edca4f7,77761854-c637-45da-adec-42cdff6fe9ec
7c66e9a7-14fd-419f-8cfb-5a523e9ceb27,17b08837-efe3-4670-90fb-40262673f8d0
1c7562f3-cb8c-458f-9234-ef60dc30f260,531f76cb-4f48-4a78-a15e-18a812ea8784
4bd7fa9f-4fd1-472a-a5ba-90e16055ca7e,cbfcc447-05c4-4872-8274-e0b2cfa68df1
4c8eee46-f89d-4b6e-a6e2-0f84c335486f,c3dc1481-a27f-4bfd-b9cd-3cf7d1fc564a
fbf3d54f-342f-4d20-9057-058ff449e03a,a013e13b-8112-4362-8a97-fef3cb2658ee
cdd9ea0b-a62c-4eab-830e-c4f31e8463d7,f27975ce-a3fd-47ce-b570-bd2cbf42dd64
1331f424-44e9-4566-8b57-f13bf1174e1e,4f5a5786-6811-4bf4-aa6b-8e36469dd999
83f7bdb3-1489-47f8-af1e-bce79ca03c6a,cee780f8-76b3-47be-b93d-0d4db77f2d69
358f9d98-b4bb-4940-90e5-072d70f30741,821e4f6d-97c6-4b07-ad9e-a63d2a6b23ff
7ad2a8d0-60d8-429d-b143-887a32db0d83,0522b4f9-bedb-47c6-8f6b-689c11c39050
ce7d5dbf-6d9a-4a9e-b1ff-1d38382f9286,d598f406-bf4d-49d7-811f-f2a9f0f0098f
a6a3eb53-3610-4937-8b7b-1ff5e3862e7e,ce4a1d9b-2049-474d-a933-dc4902956446
eaa8da61-14ae-4e81-8f60-87c190d7bf90,106a5b5f-32fa-4beb-92f0-c3bf642b0e8a
9748c173-6367-4250-9856-cdf51a333f1e,9452e349-dd22-4d28-aadd-ea4b801359e4
7b0784f4-9bfa-4cef-96cb-ae46d89b4068,fa06ac22-9f97-4654-b273-768ddcbecbd1
06914545-41cf-482d-81f5-3294569d2df4,6788f393-a565-4f7f-a749-93e215863011
2fc21704-f361-481e-8902-7fe55ff8c190,f12bf753-4f0d-4136-a59a-ecf647955d4d
946036c9-7ba1-4c78-8734-12336160d34a,de908977-2b3a-48ae-8b54-5e920984171e
21ad6b63-80c9-4105-a042-43684d06a38e,0857d561-e316-47cf-afb3-6dd01ff56685
323c5dfb-5d29-424b-8da2-e51534d3ccb7,6c6e27ca-ae4c-4e7b-9986-5fbeb7560934
bee4baf5-1580-4486-a9a7-6686ef815598,a41d1edc-ceaa-4b46-aa1e-2494ef052055
54d5ba79-af20-4ec1-8c51-9d6890df7f7e,163a3a92-0d4d-4485-b121-6effe34a3f5c
2f66ad68-f3c2-4440-af86-a26e80939b1f,6f74f94b-f112-4e16-839a-591fb781798b
990f4d94-0883-458a-b06e-08655f0ca94a,21aea29a-a898-446b-a261-ca83afb8d878
d8ae0734-fc32-425f-a661-5d7ce6ad55f7,a9a89ae4-91d6-4aec-a3e0-471f3ad259a1
104f2173-5e64-466e-b0f2-a9868cc939b7,9aec309c-85d9-4365-a244-20534f2964b3
60329e79-8704-4be0-9768-60c64cac5a7a,536b289d-db94-45e1-adfb-5a7fa0b0312a
8c9c6bb4-dedf-453d-8e6a-d7ca30b71513,e9e533e8-bc5e-4ea6-b84c-44ab1be678e7
0143951c-bc8c-4c46-af0d-8133bad850b5,6644f9a8-442c-4b47-beeb-b008a8335eb6
a33d7028-46c4-4251-9921-6ec6aba81135,b6cf7b5c-96fd-435c-b84d-ba95c20ac31c
a334ee41-488f-4dbc-8cd7-b163b22038d5,57d97815-aa81-473c-b27c-328d04ac1e23
c037de4b-e9f5-4e96-bb07-117dc0f5aaec,a44462ec-97d5-4dd9-b136-38aaf0a9aa9f
88166863-0d9f-493a-bb8e-0917fb489eb6,f18686a3-db1a-4d70-a730-b0f06809d8d5
f9be434c-8a3b-45f8-b8dd-99d2b3f5720b,0a2ea576-dad8-4609-bbe2-29fc09a7e0cd
116a651d-d602-49ce-9780-f6574e211dd3,11f25d5a-d56d-48a8-a8e9-3fe905c9dc2f
81db41c7-8a8b-46ea-85bd-9d4fe7ffa34a,4af090f8-4d46-4cd7-970a-447422a24578
16bb0384-d4a8-4a58-8743-7a292afe48be,d3293a5f-cdaa-441e-b976-dad92dc36656
a5a2f808-2ec0-4576-9138-c8185381da4a,75e4b882-413e-4479-b449-f33cfae7ab84
2efebbe8-5868-43ff-81c1-7adca56d245c,aac29e47-b1ed-40bd-85ef-44513b233c55
cc02acf4-9b35-4272-ba73-4319f67a5bc2,9dcd9a5f-b346-4a25-a2c1-e30d77d53362
b63f0887-000a-41ef-936a-85a66e5c2cd5,b81aa99d-2a6e-4770-8adf-f5a39b9c3217
89998209-4559-4bd4-8d24-36af71b351c7,7f133bd7-0386-415b-8162-03240921a9e1
68325839-b4c5-4baa-b506-9696dcd2035c,f43ea164-bb77-4735-b1de-5448cd936fe5
0dda5d28-1fd8-4bad-86fe-3931dea01e9d,3108e6dd-2422-4adc-aea0-6ab0b9947158
e07058b5-c66f-4071-9477-05430b043af4,69708833-a62c-4edf-b6f1-e4f92cacfa74
1d146bd7-2095-4309-b2e2-684e64d29515,dc93c411-3409-4ec6-98e2-d6d94f5d8d73
70a5a41b-ae44-4d2a-9696-a9e0ff38c043,1afa236c-e235-4bd0-b064-79ac8d59e5eb
676c102b-aea6-4187-93d8-bd0d0e3e379b,333280b6-c3bc-493d-bb75-40a36bfa4cb9
127fbe05-86df-408b-bfa3-cd94ef3bd5fe,a8cd09fa-82cd-4315-a4bc-9a6305e2e8f8
8e1dd6e6-30fc-430f-b637-fa1bb7591e5b,6cc4a68e-5c8a-423c-8aa7-3fcd638bc568
a85202eb-1532-4ef7-b29f-3fa67c1f7c88,eedb98b4-6a0e-4392-9dab-2260a6c1156c
80de17f4-4402-48a4-8c1e-794fd2671034,80de3b16-0a6f-4e87-a9cf-4f6a6b05d335
d917722f-fe35-45eb-9188-a77fbb51c785,12a0d992-e4ed-4e3d-abdb-936d64703f3b
4fd2e85d-535b-4790-bf36-dc8d8d83ca83,05841de7-499e-4544-b711-fd322d7ada71
e8af95c7-3e4a-44b3-a1ba-859ed461d0fa,2db41bc2-567e-4c6d-80c5-8a1a3a3b5ffb
3f18d481-d62d-41ae-b700-5a9e07412ae7,e17f274a-3770-4202-8447-5ea512ba85aa
8cf64988-0cc4-4848-9991-78c67bda1981,89e9c9d0-f723-48cf-8f08-68ae3ca63209
aaecbba1-8eb4-4979-8444-dd4ac206b3c6,22dd949c-2657-4418-b9ea-26a3eff36fee
4ffff1f8-2a69-4890-b137-3f4e76ef1f76,40913850-1304-4fff-a200-ef3dac20ba34
5fdc626e-4b44-4267-be66-9bc368c9b9a3,e156e158-db1f-46c6-9c50-c49551606cf7
023f67e0-a334-4960-979d-2b6aa9662e79,d9768a26-c782-466b-afdc-b0d1872117ad
15bf1fe6-ac31-4fa2-9009-ec1ae0de249b,003fa97e-0294-427c-926f-11caa3ee997e
36811502-02d9-44b4-b43c-ea24a0789647,9abbae06-fc72-42d3-80e0-29a728e16f2e
3fccd4ae-6493-4efa-b865-e1f1b878c526,c53c70a4-0164-48da-ab04-32afc604fd28
b4d109d8-1847-491f-94e1-009f9e01e530,8af6e311-0ec0-446e-b14a-d0ddfc5bbab4
192ad10a-e293-4f15-b90e-8fa11fc13d65,04bc338f-6bf9-4a7c-93b9-978ca78d2d87
653722b0-660e-4850-b3f2-e6886b6d7b0c,49a7b417-a9a3-400e-b877-38d78f9addd8
782f0f04-b210-4a2d-bf09-7cc80607a03a,ad4ffe7d-5cbf-4916-b748-946250a8bfbe
209836ef-dba6-4140-9d45-6519892bf201,c3e903cf-8fd1-46b0-94fb-1ac03e8d4058
5dd60d80-0687-4242-b55e-5022b9fe9f21,7da9feb9-2dd3-480d-8d9b-1fda1e3e3130
dc5d2f3d-5d99-414e-b030-67ed7ff2fd02,fc7b4396-e45b-412a-b140-83e7a2e02365
f97b593f-661b-4abc-bddc-a4972ee5ba85,8226883b-1a3d-42d9-83f9-0be747267bf4
ee7bc32d-6e2b-47b6-aee0-d95c3215ff75,a8ce1707-fcc6-4cd4-a232-4d44520e90e2
75a89ec2-e24e-4457-9698-507e8f83c5ad,337f9e7c-7c3e-494a-835b-828e1623a4ff
4d4ed301-fbd3-49ce-aace-0af7b62ac6cd,25155e12-1088-4655-8d96-1695f59b58be
311ae680-3d92-42e2-b10f-eea05609c3ba,b5c74384-c6df-44fd-9f90-2fe3faa76b36
977d76a7-1a97-46ee-baaa-e17935365203,c20757b7-ab1c-4430-9347-06bfdb15e9ed
cbd56c42-1a7c-4edc-a3f4-01fd6c5cbc6a,a14e1ec1-151d-431e-9db5-57ca3ecc1c58
ba15b206-5787-4da5-b0da-cdbd3a69c521,5da23f92-88fe-477e-a604-f913f8736bb2
5ae6b27b-49fa-448d-8b7a-64b7bfb4a161,159ff91a-a3a0-49f5-a5d0-80a956f7410c
39cff759-82e2-463d-b846-3017c94be18c,ce01325d-92a3-4eac-a59a-91a251b4ff3f
1b99e80d-7ba4-4623-9c50-4452344a44ff,5ae43a6c-a7fd-4e95-880d-1b35af59cd8d
8298545f-3390-4ed0-802c-1df3f7d5ec52,3a52d15d-dc1d-4a0a-959e-6bb1ca99279a
8a075a6d-80d7-4161-a457-2941f4e71e09,35598464-0e3c-4a55-952b-d8b330435157
4fb68ddf-6729-40bb-8233-8ef028700260,8b230ded-e556-48f8-a38c-c188abce273c
a7f9d405-133b-48b8-abe8-0f811a9c72cf,57de0917-b1fb-44bc-b879-514e186d768d
95451a8c-821c-4794-8fe8-d30d22c08b3d,2d0842ac-b036-4415-a491-1e7bfb406b14
5ce6bb49-5c83-4a35-ac37-7900388ac3d3,23fb7219-d3c7-43a8-a1ad-3e14afd4413d
bbc58261-99a3-4785-9da3-02dd807acd17,0952e612-73db-496b-b319-fe8bfd4ed859
23752fee-1f2c-4d5c-ba68-cdd3f7c9c484,562a42ab-3be6-498b-9063-fade76b17b8f
ccb2a957-30f5-46ff-bb31-766137b6fa7f,f5594a5d-e8c1-41a5-9536-906c1a8f1236
cd2c05a7-d2f7-4999-8714-659211890360,986611c1-9c28-4a12-bc33-a47f989501bb
475486b5-01d7-4134-8aeb-baa2e57caec7,2f2842f4-6553-4541-9a0a-6e742fb50b19
8d3e732c-c3c9-4782-8a91-74e8395313a2,9a3854d2-0114-46a9-86a9-14cfd143097d
885e9b91-10f7-4a19-9820-cf05aacaeed4,39606eb2-f955-4f84-9ae8-ddb275c4418d
13a543b3-5f4b-4054-9b40-b93244e53c39,d8f74dcb-807c-4a08-9e2f-581e56341b33
60b13514-e0a6-4570-8074-31167ec16338,5e16e7dc-c11a-47d3-acef-defb49e9f6b9
6dc41736-241b-425e-a453-3888ebd9044f,bf9d01d0-6dad-4391-bc40-a81dfd0e02da
a5f4ae01-76ff-4073-a987-d23098b61a07,e75e5e55-ef09-4d6b-bec6-f3c162b04251
78b0428b-0e0b-42bd-bd9e-1cd25cad6486,b49d13e8-f590-40a5-a220-17b85010d6ee
4d85a466-403d-4e8d-8949-8c8cb76ce891,b748f35b-6a13-49e2-8ba3-07ffbe7ef2b7
365fc80e-6181-43f4-a324-37c24b5ee84f,571361b3-7004-4556-8799-62821aea9561
b6a8518c-0851-4f48-ba5f-609e2b4cb2d2,69188bc6-247a-4e81-9052-af80a1b4d808
bb2be131-fca7-4bae-96d5-5546a6358a8f,a9fab2f0-1053-4734-9cca-314ce29e3bba
9106b2a5-b741-4b6f-99b7-da61b61fd9bb,db1e2adf-b61a-4312-8911-8217532057f3
0c6a4bd4-fe60-481f-8da8-0f8c3acf7f4c,a6178f32-a9eb-4f5f-abce-2b0dd28c12f7
52553fe9-f2c9-41ef-87c1-489f7e7b6890,24891633-a468-42ad-951c-4b41c3c595ae
d0fbd78e-aeac-480e-b548-064e5ba7010d,0d2c8bfe-98ab-47d3-966d-a42b658506be
95ab0156-6c03-48b6-a030-fdad705bd779,7a698410-42a8-45e2-9230-e0b85677d676
d593c598-2265-486f-a265-bc2c78889b15,67629a11-28b1-426e-a896-4fcd1a363de0
67833f76-a02f-40db-94e9-04f5b7178f1f,7bd80dcc-85de-448e-baf7-e1dd4f8bbdb3
fcb380c5-e3b2-4b19-8dfb-442ccab4a3b5,ea89ccf0-cad2-410c-ba2d-33f470fa361d
71521851-d6cc-4278-a434-b6349bb201d6,ce142763-00df-42a9-9275-d506423aa715
329557ad-49c0-41e6-b1f8-0974f0db02ae,1f4963dd-3624-45a7-8b9d-302a160f3646
aabd5ebc-0663-46a8-8f67-db5c295f596d,091f3d9e-e183-46d7-98d8-0da6889f322a
e425e8d5-307e-4dbe-9f9a-cd4d5b60ac9d,fd3f7d23-838d-4bb3-8958-07a4e287673c
55121508-380b-4d5f-bf7b-7243ca433811,6cb6cb6a-1cbb-4056-8757-1af026e74c31
3db8dc59-f5cc-4a76-aa39-b130cd6aac08,7a90e89c-ee44-4445-8886-fca1dd98da65
1d72afda-c959-4577-8a4f-5e433e617cd5,cfbc9bbe-b240-46bc-8e63-4018f7d6b45c
ac61fb43-c7fa-4d3c-8da1-267422ac351f,9e7ef777-ee38-4267-8dbf-841701bb4038
654e8802-1bb4-411f-843e-876112fb9ba9,92aa0d19-5220-41c2-b475-50f8f2269380
d54a9217-ee43-4433-8767-2ffd26fcf4f9,bc343eb4-68eb-4102-a38b-79341fd649c4
c26b2582-e829-4ed1-98e9-62582a675795,8a43eecd-ef9f-469e-a0b5-82c11d255f6e
1d572788-ca19-4e2b-a279-ee2b2357662e,9f9f10aa-f66c-449b-a323-9e1149825de1
40abed2f-a1db-4b13-87e5-f366028f68fa,2c1dd8d5-5a7a-4feb-a07d-c34797fb0cf3
12858c54-1f3e-4814-b9be-da145baefbd1,3c34dbe5-d266-466c-b87e-7cd5ccd176eb
ae55fa41-300f-42ed-ae7c-8d62f88296be,ae141ff3-beba-4634-bdb4-5dde2443ce5b
03943a7f-00df-43d9-8be3-d9854bdc5fd2,709fe89c-07fe-4d5b-a8e5-6f5b8f5c4682
08fdf6e7-fd17-49bd-8057-476e0c9dc095,8606eefd-b83b-412d-927f-ab207bdfadeb
7cebc4bf-e801-4c96-a0c4-20fa16a0ca70,a3f93c38-6ff5-4ea5-ac9b-30a600cf0152
0abac312-3dda-46e1-9a7c-fd73514aa60e,f1db99ce-5623-4a0d-a18b-3f7bd7aa34d7
3cec72e9-6613-4624-9085-8485ba42d5a8,fb996d04-7807-4095-9a6b-3dd7426bc6bb
14c18269-ab93-4228-869c-45aac53a2735,b565a966-4909-45fd-af5b-5079f9b7ae76
f56ab5db-464e-48e3-8f52-b9d44e72e06e,00e6f6d9-bd0b-424b-9b96-3057c90e707d
4c1064d2-df84-42c7-9434-aee4c0cb15ea,c91e8357-e980-4711-9b06-d72c54352d39
0781ebff-e015-468d-82a6-6710582e0b92,142a6756-00eb-4f6e-9bdc-734d41ea4412
9ee0d47c-53a5-401a-b473-a4fd5874b111,24ce65b1-9bc1-417a-810b-9d2421bae626
13383287-10b8-4a90-9fc3-9f97889793f2,7c9eebce-8ed3-40e5-b680-6b608fb1bc67
c13a5990-3ada-4a2d-84ac-833c11b99ed0,0c5a48c8-0a8d-4358-9427-ac93c932ac19
6746c946-60e6-40b2-a077-ac95f11bf874,07799a3c-057b-447f-9742-26bba5b96e98
5e3fb921-7b16-476f-aa4b-f0f7582093fb,d5a5883e-6907-4fe3-af84-a325738ffbd0
5ee4e3a3-6524-4173-afef-4479f8749c81,9e41707f-40ff-4da2-a71d-bfda87ad08f1
08bb7f34-7614-408a-9f0e-48bc38c6eb08,899322b9-f338-46b0-9566-fc83b183e7d4
fb6d451e-4e5f-45a1-8252-385775086257,b6f4a71f-c28e-411d-9bd7-1c277036bedc
2dcae5c8-8a4c-4fea-905d-ee153e58e46b,1c5ae5ba-6c42-4948-b33d-654c41c771d5
9636862d-1532-4411-bef6-25c1104a8434,15cb8f61-6c75-48e3-b65e-a189099b0386
3433ca1f-fa2d-44a0-b544-c926deff391a,b425ee93-a5ea-4d43-ba3a-0a42c510fd22
22e5039f-5d2b-4ffd-90f5-b9caf26a702e,9afcfa67-c8ee-4dfa-944e-c30c6c8ca0b2
501e4f59-7442-48dc-8c13-90af74e6cf5a,c12dac5f-98bd-4701-8b89-faad9fec1b9d
d99f555c-3a16-448e-9c0c-96c61276abcc,328e0127-dc80-4fec-848d-b9b660a792ad
6e3e99e3-ec0d-4a94-bc46-7590ae94d815,7bfe83f1-f25e-4e30-ba18-c9e87485d860
f5110310-a3af-4b78-a73e-94076d97758a,91e50977-fcd0-4521-9238-19c1d45fb468
2e1702ba-0494-4471-a613-e9d49cda9d11,3719adcd-abe0-4bc3-beca-7ecab49121fa
3f449af2-6714-4fb2-8ec9-0873eb8d9a8c,f8400e11-5786-4d0d-b05b-cba4984981d6
84ba4004-ecac-4741-9de8-f440272eaad6,e76b9b24-ff87-4332-869b-396b5190c9ef
bef15e77-2561-46f3-9ee8-064f9f4e1ad1,695edc56-1cff-4ac7-80a5-a7d7a0c0cc72
6eb53011-07ce-428e-aac7-2d520f519872,97cae246-51ed-4213-9e02-df3335bd2e4b
1e0b54a4-2921-46e2-b145-ab4a99cc3e5f,59c47a77-8201-4563-9b36-318cefc57397
a706a67f-8776-44b7-b526-a43800a58477,8ec0a8ab-6a17-4629-be99-f6e427ddafec
c1ecba6e-4e1d-4f31-96c6-82761321fa36,a33139a3-e324-4f77-ae9a-d307c9ba6b26
526ecbe3-91c5-4642-b222-12e57a6a75b8,8d5a9a34-ed43-4ece-8d2a-b3811e2b3ab3
98a4fe09-87dc-4dca-b6d5-e1049be93394,6597dd9e-3856-424a-8d5e-c4a29f795282
f3705338-4562-4655-b8b7-a3df071113c0,06804fc1-54cd-4eb3-9c45-3aa912ad2e71
72190711-3813-4309-8c83-10e8e65a42bc,6e382e19-d22e-42bf-a890-8fd3e63fd8c5
a3aeab15-8439-4f95-b0ec-469a804ab39d,f68592b9-01b6-4871-92c6-694b7c880d92
931a47cc-743e-4928-95bb-51578b4b6aff,f88a7460-adfb-44b7-a5d6-6b264a632757
d4ada359-1211-434d-a357-c43e9725e9d9,084c2a89-7694-4f37-b6c7-0ed0ce61c3c1
f101d51e-a29a-4b58-811b-35b5f8f35ef8,42b7df0f-edf9-4391-9892-4910548751a6
4c4fe13c-91da-4802-865f-7303d16a210f,83e19de2-0923-40cf-8747-5a8d97dcd2b2
f3146d88-ee81-4434-a1fa-29fd052f31ad,9aa2935f-8c6e-43dd-9bb8-c5980e7ccc04
5799a4ba-7f3f-4243-971c-85bc5de06e69,3b42d178-0443-4196-9a84-2fbb3fc4621d
9ae54023-b519-46ca-b71b-460e916fc4a1,f227933e-8ca3-4808-83e3-406873e6e7df
028e2b63-35cc-4546-9240-017f09172485,3ce923ad-9bf9-4f76-97c5-2b5a85d8ff2d
860989f8-7d08-4b54-85ef-640bea020d81,2d771b54-011f-4d29-b18b-0545960bd0fb
b0c98161-f6e1-4f04-a3f0-2f4636366075,7ba6944c-ff73-42aa-8edb-49fef2f9f15f
9b289bc7-0081-425b-b1b3-596a93bcd613,1bc66390-16d4-4d36-a432-3377036cc648
79f3966f-4288-4e6d-af4d-d1d2441460db,02b1b1b6-11ac-4760-8217-7be9c83fa862
a690cd0c-00a0-4d82-9c82-da60de34bed2,85066cd5-812a-46d3-8e90-ddf4baaa5a5e
b6bffe0e-5e07-4dea-b57d-9074f57e9090,c3f62f1d-ea40-4974-87fb-ac533c2b3cd5
5ef3aada-b1e3-44f6-ba01-6bc9ac16b172,afcec354-5030-4225-acda-1794e09a0183
97fca3e9-3cfd-440c-b690-1141dbc23656,ac086436-ee9c-4cbf-8a24-dff5ee4198fb
02157072-6179-46ab-ab5a-20cb31a90681,d0b8e3a2-6ca7-4fc6-b0d1-90d53fc3118e
c7bf81a0-78e9-4ad5-b636-2a88b369fca4,120e0be4-ec52-4dea-81d0-e8871a1df34f
e315ff33-9db1-4b34-a673-72113c3db5fe,07902f66-319d-4d58-b0fc-9ee1b392d088
9997f216-ad71-436e-bc76-ae57785bfaa6,86b8fcfd-2011-43e4-9c73-b620de3cb7d1
d6b0fa0b-8857-4e2d-8610-b249001a361e,731a437b-b65e-4931-9241-352825df8db2
5f199bc7-a8d5-49b4-bdb9-16934741a749,b4c4b77a-5065-4d30-8183-80ea999a952d
c330544f-b292-4f51-a84d-6fcaf1331476,ef3e301a-1354-4cdf-9247-e4262a37323c
b0368049-d480-4e46-88d0-e819d9f889c7,cc485f7b-4e1a-4d18-b41d-14eaab87905a
a6e9f680-deaf-46d1-8a44-b05dd93998d9,14e647c5-bfe3-4db3-8082-98e54c086a0f
756eeede-bfd5-4905-a8a3-14ff3cb6b252,0c7f3da6-6b1d-4e82-a498-2afff305b9da
7e37be43-4c9d-4022-92e4-71a33fee2582,f2b0af07-c9d1-4110-bf16-3a7bc1c84a05
8199016a-72ee-47e3-bbf5-ba88ea44338d,b0ec2682-5c76-4621-ac87-c25a6bda52ca
6aad6c98-e21a-4cfe-9367-f1928f15f238,294f197c-ca34-4932-afde-f4f6f73ce7c6
a283c245-f246-40f4-8203-2ae5b0a1f5c1,8de5e6ab-1c3b-407f-a008-17e80c277e61
7afef351-e2e8-4b5d-b97b-2cbde060fb6f,f3580bf0-1feb-40c0-ae98-37151403dd10
aec77b35-5318-488b-a39c-6993a06ae2ce,46bb2adb-0cf1-40a0-9883-4db17601fb58
e0975e06-03c3-4aab-b942-8114cda701db,7eb51540-fd39-40bd-bce2-4b8e459128a1
fe84769b-25fb-436e-9665-bf89837f4609,57b0e782-e048-44d1-b867-6468bb863aeb
9e62f81f-2671-4154-883f-dbcd35ac8e00,2310b40e-4466-45f0-90f5-d6ca4c3340e4
5fcf36e3-dcfa-464f-acd2-0c5c2cb8d21c,cc053657-7e44-4213-a77e-bd75b2a8b07a
4427786b-916b-44ac-bd9b-02d3e392b420,39f479e7-7830-44fc-bed0-001c650d1c8c
e34508bd-927e-4bb8-a746-a30710b6da89,e86077be-6c01-4289-b6a6-f9ec55f70205
5daf78fc-e94e-4864-bf06-503f2f82fb76,aa165247-1494-4c41-9f14-edb795b42fef
bd5b16ea-22ac-4ef2-ad52-2cf35d7872c2,0236b791-01ed-4cc8-9b02-a0f10a2b2d44
198a6c21-113a-45ca-ae6c-0fc080ca364b,0303fcd1-f8cb-415c-9243-0e9e3601e1bd
c5971cee-41a2-4b15-86a1-a24deaeaaf99,7886ffdb-bfb8-4e43-8ae8-114aaa67c695
7ced68b3-3ff2-4259-9148-42555c309a0a,c3ec2b99-67f8-45ec-8258-b1f9de5f5413
41db714d-3154-4d55-948a-f27e2bb3dac6,b61a77a2-4177-468e-b702-513b374255ac
f1ff12a1-7d31-469d-a1fd-f9378d6509b4,6a8974eb-6422-4621-8e78-d69e74815444
79827c04-d163-4013-8876-9d99f08c20fa,17232bb5-12f0-41fc-b959-d62f907258eb
852e72c6-c112-4d2d-94a3-e5c69f48b776,7d7a456a-7404-4457-9282-0826869527b4
2858574d-7e20-4488-aa69-22f29c76cb2e,c40f33f0-5ce2-4d5d-afdb-0d3a5c4e26cc
4241ba32-d999-403a-a587-cf0a949351e0,364ec2fb-dd89-4f75-ad21-c7775770a106
21b18736-e6bf-4e81-abc0-98558f721647,9336ee9e-04d1-4b01-8db4-19c9ebcd8710
4dcbc107-815e-4432-a02a-94b4ddf7b526,a12bc324-fbf9-421e-ba64-97908b50ebaa
cad6598e-24ee-4dac-9b3e-61c38381b0b6,9fd2be6b-7648-48c2-bc48-5c94c81a0ce3
bd1ec162-10f5-4e8a-9c73-34539bc7cd77,e260db08-6e23-4780-a408-ae5f7c4e8137
22ad18d6-0763-47f7-86d2-eb6dfe84587e,45112f65-6daa-4b35-a27f-e0c52e933a94
7109a9a4-af97-4fa7-b9cd-6c42699722c8,0fb799d0-6a88-4a43-bc9a-ae700c9f0b73
996c0683-a7e4-4854-809c-3dd9247058e4,0f5b2d35-f57b-4d85-b6b4-6033c18bc4a7
7dfcb568-18e9-47a7-9798-41c092e4dad6,7872e58d-fa33-4a0a-a718-2a56629a47de
82399acd-f9fc-453c-8073-3e2419cadc50,1f301c71-23e4-40e6-8b42-c1ee8f987cd7
2cee3d99-b50b-41ad-a7a1-c8526fc8eca9,9c303211-1153-4b58-a3f7-c4b5e2ea31eb
01159311-ce86-4d99-b07a-d5da649185b8,a87c68f2-9b11-4494-9d56-271092ddc497
be7743e8-9a4c-4ce5-8175-53bc9cf301b1,c81e95f0-a368-4fb3-ad01-9f7da3d412e6
3c7a93da-0cc1-4b13-b2aa-b2d5777742fc,a0ee3e40-14b0-4055-b32a-53636abaa125
bf257913-2a83-4811-b4f7-0d08f49e1870,e0882eba-f1ef-44a0-b4ba-4a079d90df55
1a7f98a6-330e-4e62-b66f-72cf6b63c25f,3083a0f6-a9ae-46a7-891a-b174afd7e7a6
04208df7-8800-47e5-b859-6aa884e11125,a97236aa-4559-429d-ba7c-6938d2509d67
2d888acf-f187-498f-9a9f-1397dc2ce06f,d9b5d716-ff65-45e3-b1c3-f7b8fc8374c6
57527427-a741-4043-a901-1cb2ab818c96,f5c36325-0eb2-48ef-8eb0-57531947f490
58258d7d-d79b-41ff-9e9c-d96c25685e89,dd4f5a68-3a16-4b0a-b657-5c31a707232e
9fdf6cc2-37eb-4853-b426-eed667c4c29a,cab7f3f7-08bb-458d-8e86-8b18b728872e
e7e31b90-6519-444f-bf26-6119785db9e5,b2ad9eca-d2a1-44be-bc4d-0b766c94c5c9
b9b4c126-6829-4f4d-88ef-e9b477a6076f,3c0f92fb-f623-47d1-90ce-b00d82d6e2d4
d58b0db6-f546-4d44-95a0-54d8219669dc,17b012c0-9886-4046-a205-22a565093f7b
de6c9a8a-0697-446b-a0af-e094a23ce564,013b48a7-836c-476e-8a28-cddaa5031bf3
b16d33bd-ffcb-4fb4-8b82-fce29fcc6e25,0428c921-98c5-4027-ae4a-0297f9eccd2a
74c753c7-0712-409e-9e9e-1af137a3fbae,1f9ff165-afa9-49ba-b495-2870a7b6ec49
ebaa0077-fccf-49a8-9eaa-6464b99e105f,20ded064-5695-43f5-be46-8ba263e4a8b3
240f1209-72d5-424c-886d-f936a1f1147b,2ff03c66-8571-4b54-ab0c-0a507b43b04a
fe57ace1-6e1b-41f6-a7f6-1519c112c995,cf87b007-d0df-4ca9-a740-1a7a9a3229b1
ccae0dbb-09de-441c-8e62-c1e54e124e85,d898c7c9-0b8e-42d4-a3c0-9f6254f79937
c9e0b5e5-adcf-4efe-b1cc-b47ea95c1d88,b5dec50d-8ec0-4ce9-8eef-0700846b2514
45090b08-5d76-4e6a-9e8e-df1d926924f8,9beac35d-21d4-4e1a-a79d-f3dcdf67bc2a
e4d3a8c7-9806-4a3a-86cc-e188bdf78539,844e387e-ca5f-4b22-b542-2e8ad29a27b2
e81cc431-92be-45a4-b77d-4e70898d89e6,75ef686c-1c90-4703-8a91-14f071688318
261efe35-dc9e-42ea-b1fe-bcfae2832f74,33154749-a044-4300-b3a9-620a7e9cfed4
543a0264-fbd6-4ca7-9a92-19269883fa38,c4b08d80-812a-4b72-89e4-a5bc48cf2db9
d02f20e7-a531-4b53-b639-caeb75cb1eb8,d104f59c-055d-44e6-bd1d-12a435806f13
30e2c1e3-1dfe-4368-bebb-66e353ec06c5,0b9ee31a-397a-405a-952d-66008f482881
327a85d3-efda-44db-bd99-a15cab9d11ee,ef4825c4-a0d1-4b1f-84b7-bf1217e95444
d2c4258b-95d7-4f3f-89d9-8b1c0d249abd,3c5efe30-3272-4e55-8386-1decc76be9fb
80ad3842-b30f-4b0c-a10e-defbcb0dcae4,72d0ca61-0c44-4cbc-b378-50a6dc8eb2b7
56663392-a62b-468c-9e75-0cdc3231ca78,2aea8b45-33a8-4aba-b262-7bbd8d94f522
10f3c821-dd81-466d-976b-57908e37426e,1505297a-d899-40a3-b5a1-a42801dda279
e1fac738-efd4-4368-b82e-d5e72c1ae9c4,0b82c570-7c04-4ac4-baf3-45eef83757e2
17abc3d4-13f6-4b55-8fb7-8320d9a0c539,3e2a739f-081c-4829-994a-72bbabd7f02c
63dc7952-47f7-42d4-86e1-6a9dec7dfdc3,64edb8f3-c24e-4403-a664-469d9205381a
f9f5d4da-6a99-4afa-80db-6b8169d71ac2,924c56bc-6e81-4d9c-8c2b-724e5f214e23
ac9457b5-5b5d-45d4-87b0-ff761a2410e6,21f3d3f2-3b20-46ac-bd6d-e05d348383ac
8d9f1c20-b610-4678-a3de-e40932f8bbae,4ddd6956-627e-4df5-b99f-2e17f1566d76
f90450b8-5d13-463e-9fc4-5efcda0ffe3b,f3935886-a36c-4e24-a858-1f612c29fd7e
2bdcbfc2-b75f-4a23-98a3-846672a53cf5,aa25b5ad-51a6-48a9-b5a3-4f68ef98472a
0a8af589-d714-4575-8945-63882d0c1999,cd2c54e2-6aa6-4797-8193-4b77ec394e48
9cf59139-3d8e-455f-96d2-90f8240060dd,9fe1fabd-9d5c-492e-bbad-b58a8015a0a5
58ce6930-e373-49af-ac33-3584b62a5d80,257abe69-d421-41e2-9b12-31b2b7130163
c7f70d88-7252-47a6-a857-3e795474fd92,0dee2020-8cc6-495b-91db-901e2f083192
c1c532cf-446c-42ea-af6d-a777d0142c5b,616b3e93-1b5c-44ae-94db-465bc67c3a3d
50608a32-c495-4e18-b76b-6b412e31171b,858dbf5b-9dd7-473d-871a-19662d35422d
27aa3db0-b391-49dd-be07-6b51f811e601,184b5a3a-41c6-48d2-b69c-69bba55d0d5e
054cd05f-988b-4433-a963-c4c97a6a7af2,42efe371-6389-4549-93ac-e9432459fb01
e9091cc9-0373-4567-8e8e-b647e16bbd43,db87024b-1d04-42b5-891a-0ca92422eff9
55f66cb5-81b5-48c7-bb61-ddbedb104de1,a6a9ea57-7b5f-4aff-8a64-f2b8ffbfcc4d
2cabdb87-ff99-47aa-af5e-434e7678f8e2,fb905880-b1de-47f9-a3c7-c055214c1c61
3749664a-a4ee-4cbd-8a6f-d81f2bd6f54b,051cc6bb-b331-4e76-83f4-5a78c33371ba
20ce757e-2c54-4f4c-aff5-dea8073161ae,d4fab63b-4546-42fb-9b50-6bad00b98f78
605147e2-e640-44d6-9517-03b8f9a325fe,75284de6-6683-4870-b175-ef3f027a95c7
2800cbf1-3a42-45d4-b513-db51ac8592d2,0a7dd311-cbec-4311-a209-eb8e64cc57eb
29d05b6b-c1c1-4f6b-9131-3e945a6b9159,431a7b79-9ab0-4c3a-bd57-cece7fadb162
f681989f-eec8-4734-a60e-b3870c62820b,c739aab4-4af6-4e8b-80f7-5e897e3ef54d
7ecdb842-17fa-4601-8f74-ad369f2f0fc3,9d8bc1fc-a28c-455d-a44c-2b9daab74c8d
0dafe16e-ad12-4020-8c97-f9c6369effef,5a772f69-8d0e-4fca-b48a-f5ae683e63d0
9fa086d2-e9e6-46dd-a80a-b0d83cc84fae,e4c39995-eff5-473b-babf-07063d17df11
7b2650df-1014-4ba3-94b0-fef7bfafe200,b0301c8a-dfa3-43d3-ae42-c490049228f7
121bf7cd-5418-4d72-b54d-287e7102d532,76b16271-41bb-4a1c-9686-0fa096433850
2b7162ca-0c09-48d6-9bb2-d5c1457d60be,76632218-4d1b-404e-a9d5-0d86da4e681b
3f37a531-d75d-4a73-b5c2-e4b4b19c3b0f,3541715e-b186-4787-a318-a140b5fec380
4f71d388-c846-4931-839a-c5b6bf640ef1,7ef278b5-953d-43f5-9d54-16730c63ed0b
ea685446-7da4-4fc5-bf5a-9da818b6ecb8,49bb806b-be07-4197-bb16-6f10af77fee4
97c7a4e1-044a-4199-bcc9-12cb5e84c93f,664b1d2c-04d1-45b3-bae8-b461b5fb0bb6
712a7766-c655-4ef7-a132-bf95de1bf9e2,3b218c6d-0f70-4208-946f-89f147535906
9c5ba11f-4175-4e93-8d51-98ae9fc01c34,7a61d776-da0f-42f6-8f3a-475af8193126
c00b4ea9-7b35-4d23-9920-4bb1c0ee2966,dfa8d31d-f22d-490c-8e5c-1366b58aa8d9
cc26a97f-dc74-45c9-9fd4-e3b2afc186b5,46f24086-b935-458c-94f8-a949eda1d07f
d97ae9af-cf21-4a56-8b59-eccefeeca143,6fc35429-01a8-4f35-b940-d13866740049
daf63ba2-41be-4d0f-ba7c-df78542b0a36,ad971ae1-6fd0-4b2d-baf3-3261e21cf7a0
da37c0ba-9e70-436e-8d34-3431b0750c35,d0117dfc-f7b5-4bc0-bfca-0ad79406a1fd
e225183e-5093-4c99-8e38-349cba7244d3,ecd5176e-01fd-4c50-9278-e65a404887af
739fbc32-3d84-47b1-8f97-3396576fc006,5dda57b6-377a-4806-880f-41ae9353225a
4b7790d1-0152-4d91-a530-7cc3def1afab,74d2ed4f-83ff-4caa-a1ba-db0fa2e3a234
1feaeeb3-d10e-46ba-8f00-f8c047e8ea41,ffbaa3b3-2feb-4560-bde8-66377b941180
be1283bb-48aa-415e-bc9d-d452050dd05f,166cfb45-4c43-48cd-8f0d-a56ab727d3df
a869400b-6a1f-4f81-9127-08c32e8430db,de8d4a03-9e49-4eca-b2bf-165eb892963a
bf81b332-b717-4a47-b9c8-6977c9579787,0f0fc5ff-522d-4884-a603-1d9edafc995c
09620d9e-92a2-43d3-a2b9-b51391fcca40,b5eeb5c6-002b-4354-a7ad-8170e1075f33
087c8f4c-56f7-48ad-8725-a4402b43ab6d,38bee9e7-29d6-4b51-bbbf-d591c6135be7
b0a6b175-8d86-4e3c-82a4-9becda4c4ea2,d3167f03-c151-467d-baa2-3a59a2a41b6f
f36ec779-8f0e-46f0-b51b-9d8c003a9afe,5d1e5b85-c0a5-4f73-acbe-4a1f58924d10
0a38a6de-dde0-4608-a85c-f5acc2854258,2a120abb-affe-4828-957e-efbe64dded7a
69f08a17-0f68-4f3a-aa6b-3a0d330c2d43,29a42467-d3d3-4fde-8d1e-1bbfdf0e7ef5
6340bd74-658d-457a-88b0-a94b436c544c,6919ffbe-62c5-417b-9bb8-629af675688a
e787b4ee-82cf-4e4c-b190-2c8ccc22f843,85562c27-230c-4c9c-86f0-0113738d7a5b
0e6cacbd-1f9d-4a04-b79f-94ad04338a60,ace595e6-278e-4c1b-bde1-72ec2db72a55
0b91cdf3-344e-4f5a-9b84-5f00383504dd,15bb8532-b6c5-4d18-9424-4ec9ddcfded3
246190fe-c46b-4d55-a8e7-311ca014272c,f58df5c1-45d7-439f-bffc-7dbc08121262
2224c8ac-7061-4af3-89ef-8063c253b119,7b7fd97a-ad78-40c6-9a71-a2ead96e29d1
64be88d0-d6a2-4236-868a-3732c1c28b24,30313430-b813-4808-8c3a-04884c4b47f9
6f375ac5-a432-4aba-ae8a-f96606297dd4,20b74257-9c00-462b-9900-5269667f86c5
bb97a057-d99d-41c0-828f-4ce90305ad33,a3dea060-00e0-4b76-a9cd-48a069a881d9
169b6ebb-bf99-4054-a895-8a71b1d05478,f282c4b8-eaa2-4081-b189-480e30b9c085
c4adef3c-18b5-49ab-bb56-75ec19ec661f,c0db1fbf-66f0-4b6e-a5b4-7c5525366f3e
d74709aa-0403-4f78-9879-ece8c0190eda,d9c9ba86-3ff1-4991-917c-e79eb217b223
4a6e2f27-7a3a-4053-8308-799848f50423,70463080-e9cf-4469-a270-550edd6d4586
46c1d3b6-88ff-4ab4-bc49-62415f6689b7,aed6d65e-403c-4ae0-b86d-f2ce084e03c1
ad0aedb9-b932-4df4-bfb3-888d36138a15,0a16b4e8-28c0-47cf-952b-be3de4d25e73
2ffbc57a-0c82-4071-9b16-01d3a3ccea8c,20fce70b-4a30-4e74-bbfe-d872b405c53e
e1c3a56e-c5f5-4bc7-819d-3f19ff541e01,2e201789-6618-468e-af40-29a175d0f09f
eb64cc14-4e50-4371-a5c1-0589288fd279,f7fa4006-82ac-427a-8df1-faad8bb94001
c7156db9-c8ef-4121-90f6-06527534d39c,f3cad7e5-243e-433c-9cfa-aa1da9c82a82
f0edc830-4eb2-44b6-a89f-4b18e649b789,aea79026-f72f-4851-828c-6b4e1625ede9
70d6943b-6117-494e-8746-0b089b5b83df,3a8dd9f1-e448-4786-87af-65b4341a5e4f
1556cb1d-9212-4a65-9092-125beae489dd,61c7c095-7903-403e-952c-2eeae25783b1
db2d210f-bb60-4364-b5c0-05dd4d29a15a,2c0c1f47-3423-4d37-88ee-d5a88291642f
2b9b382b-d0c7-4fbe-aa3b-415527c21256,e700d90e-8d45-4d3a-9c92-5f76837e8dd3
31336036-08b9-4d3e-93f9-348372dce29d,609e9ab9-5a4d-4d46-8744-7b522374eff7
a9ad5eb9-75ae-4aed-b4c5-b1e91a5fb6bc,1ceb5bdc-8553-43f6-b4cc-9c4913e42724
b5e50109-2a54-4326-b7b9-2cb5f1afa9c0,1b59ca1a-b8ec-422b-8881-9330ce70082f
a7a416b3-1954-4039-be82-a932e2057e20,568716f2-6dfd-45a9-b7d7-47490b84740f
25334a62-61e3-4e81-842c-2f4a8d09ee9e,ecdeb6a4-cabc-4025-bc57-2cd3782306a9
c6859433-abd4-4d10-bfad-eecc434daa2f,e908c1d1-45b1-4234-a0ce-64e49baa9b50
75a569db-896f-4793-b4bf-47705266959b,e92f11b0-205a-4c11-b3fd-70834c1f0f54
570ba8a2-8f6a-4095-9192-da9748f42e90,8ebd4158-1f57-44d8-b73f-4ad353ee572f
45093f7c-28f2-4c54-8333-b582799cdfb7,da32aaae-9332-4a9e-a935-25313260424e
0c4847c8-469f-4e60-a173-58be58886363,66c7a7a8-3a5d-4686-b03b-ced1c59e9bf3
16e73fa7-5032-48ee-af23-632d494fa2eb,5ccc2c3f-0061-4397-8696-955ead3cc2fc
2f5a1be7-54fe-4302-9ace-5a9b2d64746f,83d6f45b-a5b9-47fa-baab-19a2ca598011
aebf085b-73c1-4ca7-ba9e-23877c979373,33343364-5f3f-4588-bfb3-c47e24b78026
8148ed4a-eefd-44ab-ad4f-e92bae9a4bcf,0d0f40a5-67da-4da1-bf54-9ae2e0ad3ab7
