schedule_id,user_id
75bece1a-653a-4100-a112-0e12a63e9559,63579df9-3741-41c3-a531-065719517e40
3ed1477d-2149-4157-a9c2-651b633c8793,50f90bda-bd38-48bd-80f3-9b65547118ba
60b4e8d2-b839-4950-8a18-b9b47828fa81,ac584fdb-cded-4880-9500-fde14bbc9bf5
18573c7e-bb1e-4a5c-ab25-18e6bab9b6bd,78b7c317-f71a-4910-9b1d-604cf7fc6864
9c474be1-2742-4aec-8c72-0f3a3043f3ea,abc69b96-dea5-41cc-9171-13ad25aa00a6
43bb8165-573a-41df-8a7c-6f4e04ad91ad,338bcf1c-2c6d-4379-8332-712a1401082e
d914a79f-8bfc-4bae-8078-e9cb83ad5dad,44fab1f0-933d-47c1-97d8-53cd6fe60b7a
c1b83916-2332-4a13-ad34-f5953c1c28cb,6b71498b-611f-4eb0-a5d6-c048fb2f9e94
f4f5a5b2-cbcd-4fca-b0c3-3c5ac06f8604,10bdcaa0-62fa-4b63-9217-54fef59b3c92
cec57c34-d3a6-4c40-852d-cbc30db31b92,76b4468a-3e26-4345-8dfc-b2598a87bd93
e7a3a09f-ce3b-4e7d-af85-aa3fc13c88ac,cb083736-3051-4f4a-b520-5b38cdf523d9
18f37e83-d0c0-4221-ade1-f1166ea7654b,a24869eb-c441-4ab9-8f82-a423afd3a5af
4bebfa57-3970-43c5-9257-e37239195bbe,b8e2b6f7-0856-432b-ab76-4129cf0f78bf
9bf2ce16-bd99-47ee-88e2-3c5010090a0e,e8f13777-0bf0-4888-817e-f7272d276b3c
cd5fcb2a-4842-4c83-ae10-fab3364fcdf8,6f3e33b3-30d6-4ed9-820d-ea5774764799
3848ee2c-b33a-41d3-acc8-ab8474b65ffd,c898b49a-015d-4b2c-aa97-f2f3a0930cee
24465e69-3980-408a-835f-6ef4f180eb2f,4a91bee2-1caa-4896-b781-2a82210b8e5a
acf8fca2-7fd4-4ccf-a352-c798b7120b1e,12e02d10-54ce-4222-83a8-217ab2f11a56
c30d61b5-e368-42af-939d-8aae4460f4b3,2f5ba2e1-efce-4ccc-a3fe-847e671604d3
12897c39-417d-4241-a3f1-f0349591a3ed,d0a0ef25-37ed-4e82-b357-6c0e8a361bb6
6fa556ed-d556-4bd2-a435-8660b7a6e59e,04b11782-fb23-4c43-a219-0184771f1719
728b3879-acd9-4798-8f24-6ad71d38a23e,da53e86f-4e35-4e04-b9e8-0c430da2ea13
43390d42-8562-4ac1-a120-c476b5774bd4,050cb81d-0e5d-47be-a01e-eb2cfa5214d4
5c7ab86c-49c1-4919-9526-c0a915d35063,10ef63a1-f3db-4f8c-b721-e954d877cbd9
e62c9d24-c2f7-4b2b-a494-ded4c77ec8e7,2cba6b58-f9ad-4606-8247-dd8b543f199c
d346b755-c901-4d4a-a2eb-70c890436cea,9e722726-e712-42a6-ba0a-b1119b976330
bd1b5ed5-3bd5-4c51-8af0-9d99a2a8afdf,5993987e-3044-4811-8343-ee9a4ec1e57f
3e4383e0-9d03-425d-994f-87ab657a689f,3f303e6e-adb7-4688-8a6c-ab958d572c21
86ddfd30-8226-4f33-97e4-cc628cf7fedb,667ff180-fb56-4def-b376-8be87148eab0
5713c6cf-93b9-47a9-a8fc-a405fe598bcc,8ec5f587-1f4f-4328-8d00-6970c092d45d
ccb23069-81f7-4b01-a2a2-bc97bcafc294,c0cbe002-b9bf-4fb6-8351-7b108e5784ee
c26bc2f2-ce3d-4433-9d28-0beaa74e7447,3c47bfb9-682e-41a7-b0f8-c591b28edc54
0fd58a98-826f-4aa6-9a87-7cf0ca94b6df,2c24ec5c-8623-42f9-be09-3edc7db1bdc0
427e2ee2-c2bf-424c-9a2a-e3e217914605,871c3292-b08d-45b9-9f05-df785a596c58
20f738e4-5360-4505-b58b-a31ec76dc768,ab1122e9-fd23-45f4-ab7f-816e1a2cc6c4
017f3eae-8e52-46d5-9379-21d73dec17a7,f4b24c06-aa62-497c-9b47-48fd08d0f844
d4d97824-0efc-4c32-b742-ce02bdbeea11,1285860c-0e4c-4e12-ae5f-2946b570e9e2
1831157a-2e0c-4230-96cd-225e4fcf058b,8599068f-1192-4d9c-8a68-75b29ce1aa7f
d40ac6f9-7ab4-4f68-ba30-6bfc660405c2,cf59b321-5052-4ef3-b027-ce6fd455216e
dbbfa4fd-c5ba-4a7d-aa40-3df9c96680dc,1ce485a8-715e-4873-82d3-d0a410f0cccd
d0e2bd1d-2d9e-453a-8604-2f3ed5dc2d3b,f0ce14fe-da2b-4d66-9ee2-5ccc23642022
2aaa2223-68b2-4ee8-8953-259e78dc7b08,20d3b042-b193-4bfb-b978-44a1b6d541ca
22fab5cd-4f18-40af-9d38-3075899a9799,e97d6b37-880b-44e3-aee1-85c2e2a8c61c
033ef874-0ea4-439e-aab7-4dc799d455b1,bd4e2260-dd78-4cca-8e25-42ef70015697
8552b136-7116-4fa3-b2cc-0328d3955bcb,e3d82475-48bf-4dbc-af29-509ea0897040
9c350fa6-6889-410a-a9fe-f042ee864160,71d05a5f-2db0-4070-9a45-54f987c2e752
f67fc053-42bf-4af2-938a-6d3e451181e5,aa545a2d-ed44-4c1b-84c8-691eeb07e8ec
d2f646f5-6556-438b-9760-25d0caac5ffc,03db08fa-f804-43ea-a0c0-6514c0894422
b83ceb4c-a17c-4580-8359-814ba0a2ba92,0daf6102-5503-444c-97af-8be3ca8d2dbb
a2fb2934-541d-4c4f-a9b1-78dd3775d9d8,077e4c13-ea4b-4567-8cb2-547d5bf3a304
29bcac89-121c-4014-bbbc-1464fac56498,c79bc886-2bc2-43e2-b31d-9f9b5220ad7e
6118b3ca-c721-4e11-a66a-12d9c0dbf7ac,d3f652f8-e2ca-4d1a-aa96-af0e5d71462f
87b5fee6-3640-4c20-9d0c-5094b9329205,309a4e53-573a-431f-b7a2-6d70f53a1f94
39972b91-759c-45a0-932d-2ad566c7fc56,c9b35461-2421-4007-8020-872f1c321993
bec17bb1-dc4c-40ce-83cc-760507f67147,b26f7da8-cf7e-440d-a41e-ad90494c146e
802508fc-e30c-4319-b722-a3bd91414a10,9b3224ae-13d9-4193-acd5-9ab897758c52
9a2ceaba-c9f4-47ae-931c-2329c6e7c0f2,3dd9a8c3-68ff-4ddc-8110-7d0788194528
9d5824a7-06e7-4929-ba4f-c59459a801a0,152570d4-2ca4-427d-8c5f-50a948d814d9
7335f937-ffbb-448e-aef5-0d31098f8367,0806dc0c-b056-4362-a381-88a9fc4f7ce7
b844420a-346d-4114-99c2-f2037cb71f9c,39d1b602-ab40-4b7d-9159-04ac24a11fdc
5d9d3d00-6689-418b-b1b1-d73848502cce,a762f038-707d-4c39-b2ed-398f02615061
4abb198e-4fc9-4ff0-9fe7-6518501c59cf,43970c2a-12b4-4081-8535-b2245d5bfd70
e2ccdb52-370b-4e10-b247-04e6d33a40f5,e15ad183-7559-419f-96f8-b36874539a7d
e97c2a35-b330-4b7d-b714-f913465ba1e8,afa750fa-0625-4eaf-87bf-a81b4d848062
5e47ad35-84c5-4e81-8d85-3364688b3ec6,04a2bd71-00c5-4dad-8c20-66b92e8b004a
6a635a15-ce4a-40a0-a2b7-79c8d5fec0c7,d430b4de-db12-4f74-9ea0-b914247f9540
cf0e272f-12fa-4fea-9c8d-cbd36f848b4a,0d3d88b5-d912-42be-a349-4584e852b587
c69a8149-7057-4e39-835f-bea6b6e634eb,74dc3e22-4c4f-4925-bcce-2119142a8f6d
743b6299-cd9a-4f88-b006-8d7abcefb8ca,302c2f7e-52e7-447e-aecb-7b31559e858d
b6012102-0e3d-4b38-a846-541b3e2f6c42,0ed4f5a1-8ca4-42c6-86a1-8ce7fd9f63d1
f0bf0bff-ac90-45bb-8374-735ae484844c,b60106a4-1783-471a-9209-e1c2edc9e4d6
9437395c-f740-4924-ae0e-07448714f3f3,b69ad44e-717e-4a88-8a15-53a6a44bc80c
4fb9b466-4ff3-41ae-ae5b-981a1652ca76,799fcd66-55a4-44c7-b393-7379fc322e60
634e6710-5841-4ccb-bfee-247d885e69a3,8aceb17b-839b-4e46-bfbe-02451f0d5b88
3c48f45b-d547-4581-92e7-fb0f060e3b67,5a506978-970b-4e45-8f3e-eb0e64136742
5e74c223-c498-4a56-b32f-635f70c871de,8876a694-74a2-4878-a8b0-ff773cd7d02a
fabdd019-8e59-4234-9050-664f789c2406,4a332ddb-1270-4fe9-a4da-a1833b9d77b8
019ca016-ca39-4a0a-92a0-bd0e851876b3,0edf564d-a4b7-4125-a632-51d4d2837842
38296bfa-7a17-4ec0-8b4e-100fda85324c,b17cd815-19cf-4112-8b7c-71e8c5450b48
f9bd02c2-a9ba-4bc1-8b89-abfa5cad54ca,92bb0525-6d97-4abd-b438-4f334f09b4d9
de8c337a-ab41-47a7-b75f-f04a2fd54c28,bbc549b6-96e7-42f3-895f-f03c1486eafa
f7cbba61-01b7-4373-be4f-5b02e71f202e,ef8bebf8-f9bc-4f1c-a216-3c873ac2b200
ae474996-cd99-44f7-ab02-70db365ffd03,06d418a7-90ce-4408-82dd-411ebca78f39
b99686df-a349-4086-ba2b-1669a8767d93,a9faec42-5d49-442e-ba91-62eb868fa4f5
e23e309b-4b95-460d-81e3-ddb0abc516df,bbf63012-6e79-430f-8c0c-9b5fbadcb627
4d911ddd-b9ec-4e93-a514-d7b4c969cf6c,a2de4489-513c-4966-a99b-2df6445c5314
48592c22-9cf7-495e-aac8-3a54068b5974,5fcbedda-59f9-4b67-a4e6-efcc7ffb8645
8e4d52d3-e972-4286-8551-72bdeb15a9e3,3dd59220-0453-48f6-9996-523b859f8a3c
db325377-02be-49ba-89f8-478da8dc1de6,1fe318d0-f2f5-4a5e-b6da-106d8fb16cbc
6ee82539-fa79-42c2-b3fb-58a04ca516d5,b8425b7f-068f-461a-b21f-d6540e82215a
49ac042a-f457-4e65-b4ac-c4cada9d7c32,d0a969dc-bce5-40fa-84d1-ce49d41a0f50
abcb14e3-384e-4512-9349-d98957260ee7,ad029ebd-1a37-457a-8d55-a3be3e7f8d59
33aaf498-d50f-4de9-9727-c19aa603e0f3,6686c0aa-4e85-4c76-95b1-8d2dc567be8c
97d2cb95-ff55-4aed-af7e-815238026071,fafef2a0-fdc1-4daf-aa6a-9467cf1ba1c9
49328ba6-c0f9-45af-a03d-6d88a79f14b3,4161db4a-b1b0-4035-97e2-fb329acfd52c
16d9caef-ff69-407f-a92f-97cc3fe40431,419a9e4a-a498-434c-bda2-6a329a34c222
41a65d9a-e5c9-4ccd-9b60-7544012dcfa8,01413531-66f0-4b16-ba6e-84852aeea5fb
a9036ef9-7c9e-4591-8c36-e6c392903349,67635e82-6c97-47d8-ab45-c65903567082
b8e1627d-d2bb-4669-a15a-60675ebe1a9a,c2ac7a22-c1bf-410d-8985-9f7957940863
688e2746-8c2a-4794-b065-f808e68f29d3,f0fe1439-3625-48b2-946a-59477b787c34
53c100e1-2963-4712-8078-1b8366778e46,565c108b-56c7-4391-9e14-d307cc17aae9
ed38a131-aca6-4aeb-b90f-205b6131a8f8,569c4198-95b6-46e9-8bf4-624ce46bced4
599addcf-c4df-4920-b59e-33ff329b77f9,d8dd709b-d3a1-4fae-a6ab-893862ae5173
49dec6d7-7521-4836-bbfd-e27fa9449c86,7a170651-3bf8-47dd-97b6-df57fd7275cf
efc9b2cb-be1b-49fe-ad06-aed0aaea9244,5906c870-5954-4214-bffe-e8b6df428632
ac462500-94d1-450c-b217-62f84ff47a4b,782a17c9-a3fe-4842-927f-c3c92deeb9a6
40a97430-e187-4ba8-9a5f-e72e2797b082,1ae6021f-fca9-425d-b153-a6930d40fd08
f2e3c833-7d39-491a-9531-4ce2c7f9b3d6,c9796709-b3bc-4747-930e-b84856cab74a
b45f70ab-1575-48c1-a13b-bf7a55b66cbf,dfca0def-f5b3-4afb-921c-39459a0881df
5460bdcc-faee-4eca-80c5-4ae9abbe1523,2225283a-be2c-4fa3-b0c9-41acdb8f8596
42134f52-d7db-4595-8315-805ad6c9c1dc,4e032024-0d46-4bbd-a9ed-6c74ba9ca6a7
df80f4bf-f6d6-46c2-8aed-60bf807b14b8,8a6f1fed-fb7c-4abb-a58f-2ff99c4a19cf
bc3fef0e-ddcf-4aa6-a27b-a15254b34c8e,c3c561e4-1c37-4156-98b4-abc4c12202b2
c94e05dd-f2c1-4aed-9d03-22f9cbf1fa76,a5efb0c9-8520-4bb3-b81f-4852a8149907
1ce8ec9e-78e9-42ca-9391-85799dd1a595,ae64936a-0133-444b-aaaa-d6ba11877d95
50803dfd-87bc-44aa-9f9e-3f0fe0001d9f,0cea4c1c-c96b-482e-9b95-e157b33612b4
1462224f-ac4b-4877-bd3b-542514ce4127,3438d3e9-9acd-4fa2-a408-d3554358ce5a
bddcfc00-5883-43e5-a6da-c927759cc031,2efba04e-aea7-4927-b2b7-05ac3e4f8733
6be5d276-faa7-4dc1-8806-456c3c40ccd8,1e97e34e-23c0-4e88-9e65-ec0979017b42
81ebd0bf-e74c-485e-a438-ec9ce13cb021,5d9eaabd-9b72-420d-ad0b-4d38e6a880e8
b91c01c5-a6c8-4099-a89a-9292a2ad5c9d,380b0250-b64c-48db-a357-69e2e5a18a56
4739a429-9440-4a6f-9283-260225b91006,97e74f97-1684-4975-952b-ba035e124970
33ef783f-e433-4e57-8b24-288c4063ae4e,2b1e461d-c630-4544-b7f0-b3b0c1f93b5e
3764c9de-4bce-4400-8b4b-84772b2c4cf9,6ad02442-2df9-421f-8698-4306ec2339e2
913b7ae6-b0ef-4091-adf9-c7de96a39238,0ef6384a-0670-406d-bdaa-7f75f9a37568
266225f9-e7da-4973-936e-f932ca820e9f,5bd8327c-4694-4df9-b6c3-1caa01e87c3c
96b4c4bd-3ce6-49a7-a89e-49d5596075bd,1cf6cbcc-8751-48e3-abc4-39a4aa3e18db
7a23e12b-f47b-4d09-8ffb-e9aa0a2698ed,2a5f510d-9789-45f6-92c8-e6fb565e8564
2020ea5e-9e21-412f-a96f-135945460a58,f1228170-6d50-4c7d-9b3d-27486f819026
ae584a00-0d2b-4d01-96e9-a02c90b023c5,9e951549-c8d3-4884-97cb-8defae3ff3ce
99626752-3456-41b5-af12-430a16d17713,66e8232f-c44e-4d52-9558-bfe5bbbbac71
11e58e98-cc4f-4c41-a9ca-dc0fa7f9b0b6,6f0a4d44-abe3-4f1b-9adb-62fe5e52aa5e
1aabbf2c-d44b-4c31-8b03-2f3cba0ba824,d39c1438-77f7-443e-8170-d42893e24ded
7bb42124-f822-4a93-bc5e-2061e56fba9d,801b22a5-22c5-419c-bdac-cd431aaa0399
df9d0b46-dff9-4940-8888-35e001009821,4804f05f-7fae-452b-a797-de73f7842b8a
2d0f7e62-6af1-4caa-954c-31e1203b6044,0af7ce02-9f99-41ec-aa4b-3bf5722e11e9
ac1a942f-a7cf-41b3-9198-b90ba29c6acc,8f856d29-30ba-4e2a-8c5d-134f674d3fe5
fce64e93-9ebd-4584-9257-6a42dd305411,2e3f648a-aa67-41ca-a233-d1376437c748
ab3932ba-f82c-45e3-95ee-8baa6ee03816,1b9e6968-ff72-4a9c-b24c-0f2f50ff5253
c879ef10-7c77-4c0d-b9f7-0a097a17a272,cbd7c1d5-46b5-48b4-abbb-e40cf8260c58
0a1ef565-e555-46c0-8748-8bbfc7384353,9eb2b0de-6e23-4600-ba25-d2a76854ce50
260b6b05-b9c2-487e-a9f1-4427f9a239f9,b983be14-bb73-4ffc-a337-dda065162d9f
d53cf2e9-27fc-4d87-a966-e37205f45265,872cc646-e02f-4f1e-b87e-4c2c8b276cab
16ba3bb1-64d5-4987-88c9-ad1d5716ca1f,8b7886d4-1762-45db-8237-b4abb37c3134
2c04a0b5-1bd0-480e-948f-2995eeb2a01c,2805482c-94f0-45ef-96a5-a596a254d8a9
02b0535f-dd09-4557-8cb5-298370c0fbf4,424a533f-697a-4e95-9723-2642197916e1
91b68f0a-fee9-432a-89ac-e83a4e47c677,04c4d926-64c8-4250-acf9-e71b9304b625
a7f777c1-89c8-4a6c-92cb-28213a389807,3b5efedc-8a19-40f0-a9a2-f182c4cd40b4
0d3d2247-3484-4968-893d-8996da1e073b,7a8f557a-0d32-4816-87e0-491cc85680b2
06984baf-bfab-49d6-bf3f-08ce4e16628b,0f9066d1-6607-4725-aa1b-bbd7da6debec
858a5ac2-e3ed-496a-b5ef-ecccbbf127ec,1226f64f-67e4-467a-bd5d-d46ed7534bfd
3e5bd6c9-487b-4832-8531-3bcc6f6c3735,1fa7ccc5-77c9-4704-90d8-7b9cfce9ab40
f48673a8-dd7e-4ab2-9213-42f6930ac424,9ba4ed41-0939-4ed4-a145-e028826f4533
bcd72103-21ad-4cc5-aea5-c6c70762bc77,1d925135-c96d-48b7-8338-b7ff07b677c0
a5cb7724-946a-4dde-87d6-44379c680659,750f49f0-91d0-4794-9a5d-f665b6910b6f
a1ce11ad-ab05-400f-90e5-ab31c02b0999,712448ed-c726-4487-b25c-3a7d98f3882c
e3838d59-bc9f-4735-b24b-e274309148e4,50662bdd-12c5-4ccf-b305-4e037ecb6115
2e34197f-3e2c-41c9-a2f1-2e551f7d05ee,c31341de-7686-4945-8525-7307842f1a18
2e0ff21d-5d9b-4acc-8ea2-28adb8ce52c4,5a6e61e3-4e46-41e8-a7d1-c26a499428e2
cd56e10d-d60c-4d50-bef7-de8018dd3a6d,a42711cc-fe8b-4a61-b040-78a263ca100f
669d5f5e-64e7-478f-b722-4c3bff33dfb3,06c89a28-dbad-4cac-9e84-eaf72f9d4a32
ae6b8460-501e-4580-9db5-5562c108283f,fe568c0b-4f33-4e05-a09e-02169da86865
0d9f3268-5c95-4f57-baa3-07c624eefb33,4551560c-04b9-4cb8-b505-8a578ea39639
c02eca7a-dbce-4046-b52b-7ed65ee515da,30eb24dd-6b66-463a-aa45-6d364c6386dc
90030729-36d2-4b2b-a6fd-aa29b53b8bce,148ca18d-6013-440e-aefd-c67f0a1c2935
19e34a06-a41d-44a9-ae6e-35264818de12,e6a06f01-3f79-4e50-9310-755233c34908
99fa710b-1472-483c-9e0a-60f18f901744,473a920e-e05c-4e74-a5ca-209c602804f8
0bc2b896-14ea-445a-be71-10fb000d40dc,b806761e-6b9a-40d1-9b11-a973b5083a77
d28d6e76-4f3b-4d4a-a137-469615499b5d,1a76e877-8fab-471e-8eb4-5bacacad5c5b
0c9b4472-aff6-4e71-a19e-eb730f5d0de8,caab151b-8819-4e80-8e54-dbb4faa665d6
c41eecde-2c15-4188-ba26-bc1d0862f45b,5910c040-58e7-4b71-b690-48c7844b23c2
9e27d543-1992-4314-94c7-f538b6151358,d525d64d-471f-48d4-af0f-eb88a1200524
fbc60284-b1b0-442c-ae28-712506a7e0eb,159ca551-3151-4a15-932f-1ae1a788a98b
a7f0c612-de1a-4d20-99dd-d4f5641a982a,ab50143c-798b-4a25-a3ac-3632479dd072
b3bee048-2728-47aa-9372-01b4f228fb56,f2232102-2e4b-4973-901e-7490e43c6c92
2d64b99c-dbdc-48a1-b4e8-1d18ede210e3,519ee963-7e94-43cd-91f4-1f369e62456f
3fc339b1-21d0-42c0-9b03-dd7e8a4a48ba,6a713072-b316-4d53-8a39-f9751450f7c8
cfcce17e-7326-46ca-a53b-a5880b1dab7c,cd1db697-7636-4904-a50c-106887e46df9
2dc55396-fda5-417a-8a8c-5b90eb6cd58f,f0fa1ec1-2c2a-414e-94bf-a1dcb184e3a3
8a7ba3b8-f291-40b6-8d59-f005f863134f,8e973941-d950-4adc-86cb-9d854312f343
e1ddbbca-1847-4d93-904a-4c0526b3d905,5cdc3c73-569b-4a7f-84d2-ef367bae1529
38db6805-434f-4f47-b654-767a57f6ba46,849ad8a6-6b2c-4fc4-bca6-9d0632f83e4c
8886e04b-2063-49de-a719-1407604a167e,b1d883b7-5d30-4bef-a77c-9b060b75fb70
bd4b4faa-7e8d-45bb-9b0f-0788a7addd25,ca6c9985-e4d3-4830-b4da-607bed2dc3d3
26f83b1c-453d-48da-9028-e7ae2fb7f4a1,23c0ec1f-163e-49d4-acb1-8a39657653a8
82e4c175-2c3b-46c5-a3a8-1f13737c9898,9596b36a-68b5-448e-abf9-10bc98811f4c
9932ed43-6a44-4561-95c5-d8d3cef8a765,e2104923-19b0-4039-ad51-b8fdc34dac81
876989ed-80c2-4e98-9aa9-28a42d62617f,079ee1f7-324a-4cbc-9a6e-3a1700b7899f
c4b0fe48-d76d-4956-ac8b-e1d3f4886100,f015d315-407f-4204-9d28-0967495ddec4
32994291-02b8-4b8c-8734-011b2d26b80c,3691619a-3f14-4c26-bb0a-ce7e05b48ffd
34d2bad7-f8b2-4c85-be13-709ebfd15372,1545fdaf-af8a-4ea7-a01a-661fb0282d8f
55bc30bc-d5ac-4b4b-85d3-e46333dede87,ca929beb-2c51-4b03-9968-d150af0f0587
3ab5dad2-9d87-458b-8953-0b2d138ef529,29cd603f-27c8-4a36-935a-e2a19718138c
e198f757-944c-4a71-980a-04c53ca8be62,3480fad0-3666-4e33-9c7b-173c74634d97
5654fc2f-0830-4b58-86cb-45ae0f2b2a83,262f0a9b-10be-4728-82c0-c927615a4346
f4cd00e6-9fe7-4af1-805b-b9873bf948cc,fe4bc8b3-91a1-4b41-871c-6eec2ddb49bf
8756f70c-fba1-48c1-b5c8-4e37bc1d46d5,3c915971-ca67-41fa-b1d7-1d4e530088eb
8cc8ff65-7beb-44e9-9ccb-1f7b1b89744c,813f2f7d-7cf9-4aa5-b76c-807f7ef32577
588c0b70-7040-4037-8541-ab1a8820ea40,c209fa3d-d8b2-4c3a-978f-96df03023b17
76bdf369-2af6-44cc-a1f2-c2d1d9d1ae0c,da7a7ebf-9a4a-4dd8-ac9e-c1af9eef6ca6
1c01ad0c-86f1-4f98-b600-e9b38f942c21,48c89fbd-6993-4aef-83f5-a4a6d28b3fc5
557d77e6-97bf-485b-9d82-6a574d4f2dad,62f27ecd-8734-4885-b297-83202fe5bc1a
a44d219e-d118-4df3-833f-415a7c07981e,1c50eec3-b404-449e-be8e-50572e8677c3
316896fc-9cf6-472d-9f25-6e1c4de68abf,d6937d16-247a-418a-b205-563882afb059
2316e1f4-4ab1-4edb-a399-ddf174bc7626,5eb276ab-461c-44b1-977e-137dc169e9e0
b94e25e6-0556-42b6-9e42-fb0e681f8e05,83bac8cf-17c4-4d62-8956-aa4642e72ec7
396f71e3-78d2-4398-ac6a-62bc39670501,7902960e-8216-4784-9578-74baafae3006
b1a33dd9-5ae5-46c5-9990-5a8598d360d6,6b4a7bd1-fb97-46f6-b9f9-fca53850da3e
1f340f72-8a32-4e2c-a852-c883e7655532,e59fe711-576e-4c66-824b-d440e3190931
3e687b05-d46e-472f-bcc5-80aa0896d65e,507d7f3e-46f9-430c-81bc-8801e298ec02
ba2f940c-cab2-4fc4-b824-c8e56c44a409,a5fd7b46-6040-4b80-b538-625775a83b25
e1f402c9-cceb-4f31-a88d-070ea4da2c12,8a5dc2a0-bc99-44ce-b0c9-9aee5b4281be
c07925a1-7fe5-4579-8df4-e90a81d8cca8,1f811c80-105a-4093-8446-36e9e0f2fd59
c0c76bd9-ad54-4a64-88f8-761d6ee3c613,328bb912-c3e1-4186-aef8-fc24fc1db889
10f92de6-11cb-490b-aff3-d53c98737d51,2bdf31ec-04f8-434d-aa2d-89d114cfa198
92ff4a54-c294-43e3-b74c-f3cefce36f78,7c36ef76-219e-4826-86c6-7f1fd4733cbe
97ab1ce4-c44e-4aa6-9dca-5c6ad141415a,9b2ea72f-594c-4048-8e46-badce147ad97
20953c0f-281e-491e-a82b-31eb7f4968d3,6450ed2a-3a3c-4459-af13-374ac65edf71
20e3a911-d5bb-4dee-9dbe-18a407438828,2c829661-7bfb-46d7-8da4-2868cef255e2
ab576307-668a-4f94-bf2d-c433fb39ad37,6025126d-668d-49b9-b9b9-f90026eeb1f1
e0e222fc-ac28-49f0-b93a-c861a16521bf,340af75a-caa9-4395-9552-cf091469bad9
a043467e-758c-4f2c-89aa-89f30149b5ed,3fb4baf0-cf71-4d47-a0d7-4d3957c80d62
0762696b-e8ac-40ad-8206-6b342ed36c1b,8722f9a7-36e0-4e2d-9280-010b24954a80
9a6feae3-6dc1-4768-97ce-50cbe4db556b,8e4c1ad6-c89b-4d0f-b400-bb9d03ac5ff5
9049d62f-747f-4ea5-96e6-dd4e478443a8,c1bae1ee-02a2-4f82-96ed-8561b33d4672
28e3de0f-2a29-4209-8699-5d98675767db,13ca9b9f-2e74-45e8-9b64-3b25284e2ea4
f1afe7e3-1539-414d-a956-ffd9a3c0e0c4,71b724a8-3793-406b-9ec8-b00282a8735d
aa3c6f9b-f623-456f-b344-86024e61ce4c,2eba97b8-a714-4ccb-babd-e2b0f67c6c76
bb06fbc2-668c-47a6-8515-541ab64679ef,18a65e37-e950-4b27-9372-8da5c1c7d5b5
88f4aec3-b736-4be8-b57b-7272581413ce,a1d7f97a-714d-4f3d-a2ca-cd12ae920c93
35573074-428e-455f-aa1e-cdb95872d7c7,376ff082-b398-4d8b-8ed7-acc15582e08d
6ed7e3db-d175-43ea-bf12-279a8da4cab0,80441765-be9c-46c5-bd25-83195cd4222f
f7a97eec-82d1-4aa4-b1cb-536188a40951,25df7d93-b5f2-4586-bcb5-2b5bee19a8e7
decbb4b0-4cdf-4346-90ca-2c9b0451a328,f58e123c-ca08-4d15-9f8e-49592cab2b08
28837488-b3a9-477c-b579-63179c35a5fc,f5c978d8-0c5b-41d6-be73-f4200b61dbd4
58b45c8d-f11d-4648-9ed9-c6a0e1696b54,f7b0318b-bb21-42ec-a0be-cba860c0edec
ed1efd01-4e18-4c9d-ae86-9e5aa8d34934,4a6fadd6-69fa-4e46-88f5-2f45e0ffdc98
772f7013-4e81-4ec5-ac34-e914c165c180,8fb416af-c1c4-4f5f-8a22-272f59847340
024c1cf2-cc6d-40ee-9f2d-73b1c5e3dc94,fd90df6b-1883-4b08-8414-d9cccddb38b8
13b7228d-22b9-4653-8e5e-f8d4ff00fb9e,fd4e4e24-0bed-40d0-b2d3-8ab5449b073b
db44f16d-0466-4ce6-b51b-e7193586d39a,cf63769c-8254-41d6-a1ae-eabb64e36536
25b6f85d-787b-48c5-a4e7-d618a952aac6,f7375705-792f-4f3a-b3f1-a0668d701a4d
d5c9c02d-c8a8-4585-9903-652c049fd59f,a98666bd-c427-4b4e-96ba-a72e1cdd04be
a08ab332-b4b7-4c66-a739-bf8aa19083db,8b3c4308-7c0f-4d18-aa14-54b0131879bd
372559da-25ca-4a4f-aa69-138ee1d0fbf6,5806d886-eb84-4a28-90bf-1a43b7e51db8
7ab02c77-eb34-46d8-8643-1a4865f96f02,77a75fa2-1612-4f0e-b8ce-a7b2d7ece15a
9fc88df5-4e2e-44b5-aea6-d1b75d98bc01,27144783-41f7-4362-9378-7085c7a96fbb
1b43bea8-9a8f-4a38-9c5b-37b2873e2b06,48c01f27-4a09-42e7-aa2b-e9ecb2349c33
d9bbc74e-ec77-4a02-88d3-993467b127dd,a82bad71-1dab-420a-8948-33bfe5427bef
b2ee61d8-1584-4de6-8a2e-2522fb48a4a1,3c542561-d1a1-48c2-8544-e12fc6b6947d
e90ee107-a45f-4df6-8bd8-4fa0a2a9b22b,8255fa11-44ee-47d2-9570-411df6e20caf
b569a836-a36a-4848-85ed-001ff00d9031,d87f9d80-a976-43ce-97a5-973c220eec2f
69347a30-743d-4d05-bb70-49a98bd2019b,f3d44a84-771a-4835-a575-02ae6fab8fac
7881fa80-cab3-4fbe-949c-aa09205b36c8,f58b9e10-cfd4-4695-bb01-f2f4d7776f65
09d613fb-4200-4f30-a071-59478dd5553e,307b3eb6-e611-414b-8576-e4e9b452db89
10eb9398-b7ed-453b-8383-050e76e042ca,1ab50ebb-8fbc-407f-8e11-3c840beb2179
27891616-b9a6-4012-a3db-6518ababf4ba,1f0e023b-b50b-4728-aacd-a779f72afdf5
4eddc3d2-9616-43fd-b6b4-4ef34662a2fb,b5da6805-9e55-43dd-8964-7efc5d42a876
566fb3b0-ff3c-43ef-ad37-eaf4cd2970e3,3e64f1fa-5cf0-4685-bca2-f81b1e9bfc51
fd5b6651-4e7f-4c30-b04d-bb353ae0e3db,f893d89d-3107-4d16-b965-83c8d9515ae4
24b6857b-06d1-4ba9-a09b-92b65fa65fde,13161994-b698-4303-8f58-03f463b78ad0
a19c94cc-6e36-4240-af0c-cbfcdca3d0d4,62d7fe6e-c17a-444e-9a0e-75434e2bcd14
045b1efa-da8f-4238-a93d-0d8c1a7a8053,ae3965a7-5ea9-46b5-aedc-afa8471c3df7
3ea1a446-1ffe-41a8-8144-c3abdd88bb89,df531aa9-e8b6-490e-9d24-581f28f364c6
bc82702a-dcbc-40b9-aa5d-fb57ec249b19,4afd97a9-cfba-45d3-ab20-e4b587b1260a
0424b453-c622-4680-8b86-e2d997b72768,41cd2042-0cd6-4690-9a0c-799f910d7f96
5c931fd3-8ae6-47df-8eca-914b67d61834,9f7f37d0-9148-43c5-892f-92e3e7e441a6
f973ef1f-f9fe-46a3-9a0b-56de4e9f084b,b98449d8-f6f3-4049-ade3-acb7dd6a6b81
85801101-d926-47d6-bb03-b59233d48f21,93fe2fac-7973-4e3d-b58d-0d62858e4de9
b8ea8ccd-61e1-4313-8424-931d1ac725f3,81fce4d2-ac77-4349-9079-5edc4323680c
abefefdb-4d42-44a3-8ed5-02b8ec0f4beb,d2d4c0cf-13b3-4ab7-9f44-6749677ec6d4
ca9b2dae-5796-4f38-9bbc-89797f5595b2,7764e94b-c631-4969-8c5f-12587dd3cca1
6de1a1de-9c98-4980-a5b7-26e9fa4e4987,c444f9c6-0c9a-4120-9ff9-54e4f3fb6ae8
1cdd90f9-c2ef-401e-b090-483255676c0d,0de5ed82-74ff-4687-8b08-df607bc002bc
9abc6dae-2f20-4f23-941f-5fd1d51dca00,8cea57b6-e446-45a5-814e-0e965a626f9b
5ca7c6d9-6a80-4d0f-8f3b-4d6a85013a7e,a6aa5423-fff7-41fd-b5a6-92b173a52230
fc9062ac-6146-4b2b-a4e5-82472e452b12,af9f643e-d949-4dc8-a224-1b92542017a2
78d77681-25b3-4b22-aa56-0eecc31c03a4,f56d7fa2-fc13-4ffc-8391-effc41425535
9925192c-484d-44cc-be5a-28357a1b0136,94949848-320a-4eaf-904d-db981824178e
f479f9c4-9ce0-402b-8c84-21f3384f140d,7a535dc5-c0cb-4b70-8943-7fbc7dcf7ae3
75ed311a-8b9f-4822-bb7a-3187c4441ffc,c677810b-7a29-4ccf-82d2-4d33cee0e77b
b579de2c-3c05-4d57-bde9-2fc0e386392e,0f2a940e-ebe3-49ff-8369-53b777003c88
b6889b88-4978-42cb-88ee-dc0cb499439f,48bf1a24-675f-49f3-9b84-9294a383b8c1
39aa0c45-71f3-4bb8-b614-6d37997ff99d,27ef8ab8-5278-4fd6-b21a-2b73634dccdc
f381c2dd-5d1d-4885-839b-6aeb0233f2c6,1f25ea54-da38-4806-9509-8fdf48ce01a1
dbf3c2e4-21f5-4df2-9d3e-112371cf76ac,81771fce-391c-4158-a080-3b35dbb1337e
b109a24b-b1c1-422e-8daf-0a85bc20ca07,d093ccca-c23f-4169-b44b-2d021efc978b
f30cbeb8-66a0-4b0a-8a11-dddc91187491,4d0f6617-6c79-4fb6-b0f8-e4d2ed1d99bb
decd5beb-b407-4a79-a45c-31637b2a9415,ebe960f1-87c2-4445-b3c6-b045f256f17f
5fea2eb5-620e-424d-8dec-16b031526d4f,2a3f0a7b-60f4-4ad1-b1fe-c16745064df6
6d1dc557-8ee5-4ac8-a099-5988b1b635bb,640e97e6-ef9e-4016-afc0-1a6945542e76
be89a69b-889e-473c-b0a5-25f91b9b764b,8410da81-fecb-4082-8540-fa71e566b979
73c20c14-176f-4378-bbfd-e52a88a7b248,8c6fbfbe-8f0b-4a09-bb99-89a83d113419
d14bffda-b11c-45db-a1ac-2ba347c7891e,66ab8fe6-bca7-464f-8539-ee54720dd503
bc9a5925-9724-4e7b-b040-56d2e4b11def,9568dca3-478b-4f37-b7f7-d9302808d3c1
fcef4dd6-f454-42bd-80e6-d5bb937fa9a1,bddb3a68-314a-4754-a63d-ec0f4442662e
eb49aa87-2cc5-4123-85f5-8747b16b40df,8ee7f357-a491-4b2d-97ab-872358e5a073
03d9770c-e7ff-4f72-82ec-5fe032cab026,29811a0c-a797-4e5d-a645-f642c32d75fe
eded811a-96e4-4864-9154-40986ef75a84,a8a38818-fd83-40c6-b1aa-ba7df1e2bbfd
e918b1bd-a7b8-442f-8197-1e9eabcd29ed,efd5b39e-0b9e-456b-a1c2-370fe884ad28
764b18d0-64fb-4e36-9f71-f9ea95feb093,8af16435-2d5c-4a01-b0a9-6bc27379c792
ee90c5db-7cb5-4c62-86ef-31de8ca3d1a5,42302b62-afa3-4538-b4ad-1514e912629e
02d4c945-16de-481c-bf8c-9ec7172701cb,e9e35027-6877-49d9-8591-d62bafe61c06
bb0adfd6-2fe2-4269-95d2-af800d80ab0c,2c6b897b-e971-4466-a345-33a57820de33
19a7d6c7-0996-47a0-b657-d802c3997b60,a79ca203-870b-456f-a186-1e56010640a9
315137b1-f733-4761-8b30-20a53b0f863a,3e22b4d1-8efc-45aa-994b-de5f067c45a6
e986d6ff-a3ad-4eb7-b832-df953ef91b62,b4dc62a3-1037-4a28-bb8c-eb30cacfd84d
76702e86-db61-43d2-9942-0bbff02ce247,bd1150d5-a2d4-4d2c-9846-9723b02dcb84
d8537f9a-0e43-4ef2-a320-149b9b52cb2b,a63577fb-74e6-45fe-a200-a417eb0d5fb6
b5efad91-56c0-4801-afd2-c8432ead494e,cbb321b8-81ce-4247-b728-8d45e965f8ef
db7f481d-020d-43da-b571-72da1f5cd559,3b057c07-fab0-4a10-a3e1-b0d467436a94
3d10b9f9-d219-4355-84f4-b00dcef0b69b,1fdf9fad-4402-4b3f-a66f-55b9abc855bc
3496daab-37d3-4ff2-b22a-fb989c662bca,84f0501b-d5fe-4600-b381-c182eb46c5a7
d7dab2c0-1bdc-408c-bc5c-e0424957a8c8,7cfcea15-c015-47c6-b6e9-84022bacfc33
a480a8f6-cb5e-4211-a3e8-fc672b7972c6,c10d7fc9-178b-4fa6-91e3-8d8d3e134986
728abba6-eec6-4f24-b3fb-2305b891818f,7d553e1d-232d-4557-a636-370c80ea5c0d
7dfb17a5-3cfa-4ffa-aec8-765f36f2843d,3bfa1e2b-b616-4062-af18-058d3bc9543e
683d0ed9-7fa4-45a8-a5f6-ff9df1ae91ce,36f9f84a-d0ae-41aa-9465-36e527f167bf
eb649dd0-638b-4b8d-b181-44ed4b43c538,2630091f-4931-4b89-9d99-931335e65b33
cd11de39-842c-4ab3-8f94-0ea4edee89cb,f8fe418b-e8d4-4232-b0ad-8d82dafe9351
0120fe2f-2c0e-4bac-9791-1e7f30a14f6e,f76a0387-cd8b-45fb-b17a-9fc095f71bd4
26c6bde6-eea5-4d75-945e-edd686d02a80,b622dafc-bf2c-4bbe-8b2f-ee8858867226
cac40124-8195-4823-902e-711cb1013a3f,232a7298-f6ee-4262-9e70-511339f20f01
465bb007-cb4b-43ee-88e1-a5f2cf5873f9,c5c54ce9-7a71-4976-9916-5a719416fd96
0e121ff2-76b7-4bc5-ac8b-9a7daf8ee03b,45c8c0cf-b60b-4686-80d8-e39e440d93ba
b84e56c1-64e4-4f73-9138-90f679e4f0e2,a8d5b491-dffe-4379-a849-4eebc1df662b
cf5fa3a1-3d56-41d9-bc5c-b33187bfb9e3,aedd7962-05d3-4e2e-9b46-6c4fe77f9180
3f8cb72d-7530-48a3-b8be-50f0f283e60f,94ab108f-5041-4724-a59d-afda1742b7dd
3cf46100-8a21-4baf-b607-49645b4381df,eb8ac88f-cf41-4852-a62f-918b19b506da
c75335ba-8a2e-446d-9753-00f478821645,2e9747f0-4011-4dee-9215-3cb7b8e71849
8526b053-89d0-4847-b4b4-a1be9a348237,0f94c29f-a6ab-490c-ae3d-20c123fbad0f
427973c5-a592-4693-97b5-3312f738ad3f,3dd56147-90f6-44c2-bad8-d503bb00221e
54d81b85-9c89-423d-bb88-7c64dd11e0f9,bea69bb1-7aae-42c7-87e1-dcde3265982b
ec8743c2-6ac9-40fb-8725-118c64f92696,91e0fed2-b6e4-4981-9129-9c2d249430ad
3ca77585-5410-46ca-b2eb-da4b74c4ed39,64a16e05-3364-4f6d-8177-2f47077b91e2
26171dd6-959e-4d92-bf60-914bc7fa4204,c010ba73-400e-4c40-ab33-d9702d9d0a3d
3e2037a0-41c9-4e44-8215-739d283faa37,62bca830-7779-4fdd-920c-a65fc4cb063f
9d632b68-f827-4690-8693-95f9aa6837c6,fd467e4e-08a3-47ca-abee-2aa57f5deef6
7de1c84c-7795-4732-8c6f-10545e207225,f351f0e5-57c2-4278-9d90-6d86e419518e
a699a83b-6a7e-460c-96bf-45cbfffa4184,52a9e5e8-f61a-41dc-9611-bcff0da01602
3b380ad3-3655-444b-a4ee-0d09d70a4b3b,c679e5b9-3e11-43b3-8b82-ab3746a8dbb4
f40ae0f6-5994-4e34-aecc-7c2e34df003e,a0f639b7-2745-48fe-957c-c2e583b1e698
ee3fc4a9-ab17-45d3-a203-f0b66bf441f7,a72dc697-6613-4582-9650-82ff6ae9cd43
113cf871-1de5-494a-b77a-c9424c02be1e,6df969bc-a8fa-4b4e-89e7-fb248692e4ed
9f6e9b2f-425a-4f03-9ac2-94b8421f53ab,7bcf47c2-80d0-4e46-b68e-bf73fbcbc7ce
6385b2c9-557a-4e43-a5e8-e35eba7f0ac0,62b7e73d-ae85-4e8e-bc5a-f8f2cd234178
858fb13f-59f4-4580-a3ad-e500810f1271,02ef0b64-a0f5-46be-856c-002e4cb6176b
56e7e885-7ff5-49e4-9186-5fb6bddf8263,e71d080f-9689-4519-9573-bff357d7cfa9
4f41580e-c5db-4b2b-8ee7-931c8da1383e,42c50367-7aad-4420-bde2-63ddad9f04e6
a362ed7b-a61b-4e5e-ad44-1aba49a833dd,e5ca81c3-5761-4464-a6a8-131bed885d68
98ab2fff-95e4-491f-8c60-08e88254bcf0,c498860d-e749-4679-b17e-eaa97ab786d1
e69686ce-d176-4157-88cc-a4bd59b47dda,c0d3310f-d3cd-4584-b8ae-e5d2cee470ef
cddff6f8-9d7f-44f3-818d-711cd30c212d,117facae-6b97-41ba-8d81-ddb36987c2df
776b6d6e-39ee-48a5-a27d-3366ba0a74c3,7cf071de-d501-4dbb-a830-4cc34bdc1b5a
7ccc01f1-1ed8-413b-ab7c-84e101b64220,563a141b-6242-422e-bfd0-f93f4900f31f
b27b3480-ed98-43a9-871f-bd445dfe8f17,f7d7b92e-4d19-4b3d-b256-05a8e8ef8f39
9eb3978e-6610-46e6-b32e-61bb66337863,464e8ede-187e-4304-92d7-d5e75800c0de
14f0648d-0bbe-46f3-b08c-0914d0be8c4a,4ce26587-a7ab-4291-ba40-3de6d9712d29
2f35d0bd-2eba-4949-9af5-9b9d0b9ce87c,c80b01cc-3559-4e18-aa25-44ddc5c176fe
f047d64b-ab34-4e77-b7f4-7b994615b48b,687a8157-edfc-4ad0-bddc-eea295dc47da
b350783c-439f-43bc-8e12-8215fa3e81d6,6dab490f-f9c9-4c22-85e7-9a19ff574b85
c3d1b0e0-0f67-4139-a8e7-7f7f9b42c323,81b48101-0fb9-4cfd-80b7-d5b5d1e34a55
a3f524ba-22b8-4058-b473-51df72b4bf3b,f135dbf5-0839-4b30-bd33-712ca01afb0a
f4ce032d-7bd5-4b04-bbd5-d89f4b7ad225,e0adcf01-a161-4d17-a216-0ede89002d38
f6a896db-bfa7-420c-a87f-6b1049fc5265,b79dec75-85aa-4c3e-a39e-1e28a6b231f5
0d270a8f-f253-431a-baff-81b7147d9049,5f8d364b-cfe3-45eb-a750-e197d8584266
3c37710c-f1da-4b57-9bec-10ed473bbd21,05bd289c-ea95-42eb-a642-00e8083657f0
8e96997c-ddbb-4f21-9083-383fbbf4228f,6ba77cab-e03d-4117-801d-c6f80516f170
2be89054-c364-43ca-be84-2cc25ceef8a2,7d4c28b4-3326-42f9-a8d1-8e908f850d78
d22c5a9e-d57b-42eb-a3d6-01877e4404fc,05ea3d48-46eb-4994-bc78-062fa11f974b
e646735e-4f7a-4391-acc8-86b2e9dd01ca,ca0d44c1-f9a1-465b-abc0-1f22b2a98db3
fdc29079-c8c0-4680-a7f4-cc135184eb70,f3f237ae-07a9-4f80-84fc-0af3112a77b0
92abbd92-85c7-44ef-983a-5601ac507f50,3189e6c0-c30e-4c0d-bc3e-fe121a612987
81821c23-e1f2-4b3b-b3a0-ca94c2760e93,513813f6-d847-4b07-86a9-5b4605da9c5f
7cc0a239-ab56-48ac-8682-4d5cb246055d,354e8eb8-6b9a-43eb-ac25-4afe7983a476
dc22d8ce-0ba8-4e2e-9cd0-9665a77045af,ac7a6ee1-a91e-48aa-9ca1-b1f6bbf00f82
46b5ff07-7f26-4fa1-af51-5d02a9f70199,6127f3e2-86e9-4691-bd0a-1f9a7ca89f7b
0a9ad19f-13ab-4ca3-9a37-af6fc1d906e6,95f9af8e-70f7-4772-b01a-4a0552248cf1
09486829-6102-4a0a-88e7-c25b3e19254b,6d7501b2-23de-445b-a4a0-04e96402a0ed
8c9fe59b-cf52-41d6-86ad-32264fa7ceed,b55bda89-7a4f-4887-987a-6a811c9847a9
8cafae29-d7ea-4218-b06a-ecf7dde1f367,aab1ec11-2838-4c78-b603-22f8b92d4675
8a2966e4-922e-47f7-bcfd-f5256a942d7e,58dbd704-54c0-4471-95b5-aed24bdf6264
f9d32108-a83d-4e15-b249-4d54ec0651be,09eb59f3-d385-4f40-be92-2a9db928f7a0
213657af-fd14-42be-95a4-435508e9a433,147a0efc-7d31-4b4e-a313-a349a1bf0b72
50aa507f-66df-4538-b072-5bd0de505eee,10b3fd93-2714-4330-a713-9ce80d50ba69
e1a74c45-5cc1-4cb2-8786-523c1fa0481e,5a2ffccd-16d9-40f0-953e-fc91d03b07f8
3f47fb6f-6d43-4d0f-bedf-3f50d085a3a0,3d656fb1-5c0a-4fc6-ae33-f3d075a0b71b
ad374229-3880-4f8a-b243-05727417603d,f86fa9f8-e2cf-4b57-b9ef-a4d7729f6a35
9604d2ce-13fa-46db-8e22-17f85cbb6269,c2ab061a-1468-40b1-8dd4-a145cddf6d3d
e7c5d6d2-6bc6-4069-a655-eea893892bcf,eacf554f-ed86-4985-8609-bdfd556c5592
1b2e2c5f-5b61-4740-99c3-781caf237d99,6e317591-6d1c-4400-af41-fa758e2c8a89
d254401c-8f80-4566-b419-096e5c535fe7,0ec562a3-4047-4cc6-9147-386d58b3ab84
6e81e25b-9c1d-48be-882c-77e7adc69735,4b87b4b4-fdc0-4e6c-80da-a1761d7a090d
887013ea-b751-4fe1-a34b-35fd85d36b55,f4516636-4adb-44fc-ae22-30e0ad822751
cb682e7a-1313-4c2b-a2ae-80101d6daf15,a72fe6db-8c93-43ea-95be-85d2ff06836f
661acb30-e5fb-4b8a-85ff-a3f6fb539b3d,e7452111-7e03-42f7-b35e-c78a3eddeede
f72bcd66-4319-496f-a494-e5182638d3eb,8b46fa47-358e-4043-af32-1a3676d5b32e
a457d13b-e76a-490c-b497-863e3e872f0f,4f8f3451-f2cf-4b5c-8646-42d07dbe5d53
f5a59dbe-7dc1-4fc7-bd41-c9dec524cf7c,3cb85b19-c2d7-476d-aa48-5673dd7713fc
c53229e9-1814-45f5-af6e-a73167bbc8f9,e82d89d1-b643-4ee4-b713-b8e474f0d1d0
db9b8314-2381-437c-a043-da87f4f325ae,ce0ba2f9-4e85-4990-8e3b-0400721482fd
b725cce9-fc09-44ad-ad9a-086e48a804b5,e17b33cd-fab7-444f-bdcf-9c4769e1c0d9
20342ddb-d6bc-4db7-905c-2cc676e8e80b,d673bb40-3fc8-4f62-b00a-bada2bdb7c69
62b9de07-a115-44fe-a511-0a8b0c64749c,1e52bb4d-3a22-4d54-a628-5674f2a7db6c
6e09ea8c-c961-43e4-9408-9ccac21f4457,d209a3e8-da98-4543-8d97-472c11d82770
66b1ee52-61a5-4174-ba72-2835155d3a97,de8d4953-b10e-475f-8ed9-15fa65135c36
5839be71-0ca7-44a5-b086-57d6dc091671,dd941b4e-20ad-4556-9aa3-be85ff49dd8e
f8a3db6d-3f4f-4bbd-8c5a-ea10fae4d36c,7f42f5b0-0944-4cfa-bc5a-1f01d8046f5c
f9e39a10-42ca-4210-b709-aba92d6d885e,d3c21a76-8753-4d6c-b46a-d7c98b99f078
b719ac24-6862-4623-9a71-14ae375f0831,b9958b4b-20a7-4eee-af0a-9ed484d14072
a22ade37-94ba-4a9c-b360-cc6d88427621,34b42113-cd41-413d-8015-04f9d0836ee1
d955fc64-16fd-4980-b29c-1d0698435951,4d86f803-fd97-4617-a6c2-df153d9a9f32
5a558c21-2bff-4d30-add4-7666cd7a2846,0e4e1fe7-95b2-4bfe-92a1-7315b4dfe1b3
c2853e4c-33de-454a-8ea3-7d20011d37ec,4823d15f-cfa1-4144-8ba8-5d6187b01dde
8c3efb34-6c3b-40e2-ad39-0667867c028d,203d43f9-8812-479b-b887-10074b6b40f5
b744f7a5-cfa2-456a-8501-5b35e91d1eee,75f30a84-80ef-41d8-913b-04cc2870f250
d4097887-063c-47b9-a212-d8f36d70e5ca,1f2b4e6e-a48d-439d-95e9-b66153e23f82
bd30226a-7557-40c5-a86b-c6c6411a4cfa,0e95d4b0-1181-459b-abf9-9ecae59ef95f
16722aa1-fff5-463f-8213-81450d5d6176,abd845ef-37cd-4397-a3ff-5f91da584f93
9318e25b-741a-4d5c-9dde-9b3f3d9ec03d,26f73909-8a2b-4f26-98fc-165384179be0
e94c9bc1-7353-4062-998a-50dbf5fe1159,f5c5b5fa-f327-46d9-8e9d-3ae19986284e
a382be78-0532-496d-9df7-75b301ca3eb0,2006cc9a-4e18-44dc-874d-7703b759d1f2
85888494-f890-4567-b463-461db8070a52,29d6fb08-4302-46d3-bdc2-1fbe01005698
9aff8ee3-7bf4-43da-a565-b75b95d801fa,cf494723-a7f0-4017-8760-82b43257175f
29d9821f-e836-4730-a119-f754aaa82f24,46db1a03-3f50-419d-aaf2-13d78402d35c
4b502767-dfcd-40f4-8f9b-8bcfa25354b5,99560673-bab1-48e0-81b7-fd2503f555b0
1cbd4ff6-b753-4f6c-b333-f3d3e60050e1,37156d15-09d0-4096-96cd-303afdfe0229
4012283f-0a8a-4912-b142-5940e2192a25,a3f5106c-067d-487d-9377-2333635723e4
e9cd0411-4c47-4d69-afff-7d38eed127d6,f71d6016-7574-49aa-a953-8682bcc59bbd
242ebb3c-ab03-4c9f-a6d0-d7bd405e92d9,ddfcbeab-fca0-4fe3-af3f-9e6416595273
be8d1acb-90f4-47b6-b9d2-210cca1f04ef,b975e49f-68eb-4f98-9807-a93533a598cf
f3c6128f-a38b-4d94-bafc-68ab55076f2b,f2c3bd83-daa0-4867-883b-15270a45c73f
e3d40b71-673a-45f4-82ee-9fe66c557886,c76b9a1b-765c-463c-8bf1-15f60d5c6afb
68e838db-80a8-445e-aa7c-52931efda73c,f078f0c2-fa76-42b1-b98e-84bcccc3d542
f1c944bb-e30b-41c1-9953-d237c0536ebc,b672b06e-0ac2-424e-af27-13256404bf95
bb8c299b-496c-4dcd-9d5f-8d0d4483ec0f,fe60b65b-900c-451f-9402-abb348d162f7
d63334e9-45b4-436b-a614-13c9e724580d,08327bd8-b0b6-47f4-a996-ecd92a510040
60097a4a-ec7c-4866-b0f1-da7a5ac1d364,a3a91291-808e-4157-aa5d-de715631e522
fd9178e6-c0a1-4558-bb72-25e0635c320b,01b974c6-d2ac-4637-b112-df1907e6b085
84f5c4d8-f69e-4c77-baba-6416953e9804,8af599ce-ace3-4d29-ba86-dbaca2df18dc
b08a1dcb-f27c-486e-98d8-bd30d5229244,58ae2264-3f9b-4287-a14d-d95e223f55bd
84e18aa9-775f-42a2-92ae-cc766c94f4ba,96ee3a84-cc19-4fe9-b6c9-16023c7670eb
cf065f8b-c766-46bb-b037-9208ead9626d,ee80125a-3c37-4638-8891-ba9b9f545b01
7d7018de-b054-4270-bccc-401c9ff54119,68c58148-e968-4df0-93a3-d4ebfcd343af
c0f2d791-a264-42d5-9e84-32a39e085a30,ee74aa35-d374-4171-a19c-5e9c0ecd8ee7
b682f43d-bb17-4a33-a9cc-edf06ba86f68,a6c5fd27-347b-4465-8024-2a17ec3ea117
94c74f3e-059a-4203-bbce-bf6669280c97,b67a7b70-ba91-4652-9529-89207642e15b
07bddf8e-c261-4bee-b96a-b133974a31ea,fc7a675a-9916-4696-ab6c-a9b8157dee1d
6349de7c-8320-49bf-bb9e-324664dfb4be,df23ac7f-9a09-4d7d-aef3-517f4e7ce4d2
2be1d786-6e55-4488-a997-537a2c289d94,eedae8a9-c4c5-4449-bc50-ea9e22e78887
30aac344-e8dc-4918-944c-676ed9a7704a,31c44f6c-5913-476d-9a3a-d01ebe91aec8
cb71c014-0c29-42ae-ab39-31f9115edb83,2d8f610b-9de3-4a8d-96ae-3da721d49ef5
8c85b22b-2004-4490-affb-fc37ab550cf3,ed37accd-fae4-4951-b9eb-0fb348a0dd72
f6d8d122-551b-4e98-b3d6-3aebc41a4080,7fda9af0-22fc-4e04-98ab-7948d95b3263
d0f87d9e-8479-41ac-9f5f-33ee2989aab4,5ae668c5-1643-427a-bc79-1950219626e7
14699850-a8a8-49ef-a09d-901ee532f38e,6fe2aedf-0005-4a94-93e0-911ef0b652d8
f206e07f-75fc-4816-a819-9c39003206e5,107ce62a-a906-4496-9c36-3e74e31acea5
18f3e062-5a28-468a-90d1-eb9de24d8a2c,4918ce38-5fcb-4aec-bbf7-2e02169fbb40
c1e4f1b1-7f67-4b58-a6d7-4e10869e5058,7cdfbf68-fd21-41a5-b983-baa257542acf
f08fd892-6d8e-40cf-83b9-4601cb6dce49,164f09a6-0aff-4b34-838d-477278e66031
55a3cdba-c037-4080-8141-553d96cad3d1,83ecdce0-e58f-430e-89f8-7ed68e13fef8
b34aa39c-e9f9-4914-87b1-f3de1e644486,2503f390-869c-4058-a2dc-988452e0c861
d153a291-b240-4278-af42-265c23e1304a,ec003372-7934-46a4-ab29-274f412da247
8703b89f-5867-4d96-90b1-c6d3745485c8,b42fd903-2d6e-4e53-aa39-ced51ac503cf
32014a01-5d18-45dd-a803-bacdff03bc4d,b480b650-901f-4b61-bf8e-6cf976e6a4f9
f2ee26c7-468a-4244-8e3b-aab03e1eee6e,92b5bfeb-6df2-4159-8379-9f0ffc4b6403
0ffeb0b0-74c7-4168-a469-9c0d152e77b3,4e5d211d-7e2b-48c7-a90d-e0f1996445ad
32af21db-6a11-42f2-83fc-6bda7dd1302c,06771ae8-3286-4364-91e6-24f5f3eb5114
6c7a59ee-80f8-44de-aedc-259be3a9f731,9b548b99-f0f4-45b0-ac42-79eeb1222d32
02dd7a7b-9b1c-473c-a841-8e186718445b,e51f7be8-8b54-40b2-a18b-e5c96c13afaf
e8f96676-ac98-48ba-bdcd-5bad9a875c0c,3c23d165-9646-4f12-a01c-ccdf509f4900
3e142cdd-ecc9-465e-9a82-504da46dbcb0,865d818a-3683-4925-a8df-30454af32e3e
3db52853-3d7b-4c03-bbec-f4f0b1e03b9c,dee6a5ce-86ba-4907-89b6-5f506dcfb90f
bb702b40-8b3a-413b-b13f-105ed5ea8f58,74ee9cd9-da7a-49f7-8ad9-d7924c31dc8e
3d454755-f72a-4ad7-909f-1aa6f74131a8,6ceb5212-8ceb-4a74-9913-e2d674f4a1ea
8c1c3dac-153f-45fb-9562-f20f20839bdd,a376a400-84f9-43b7-a5e1-d22035f06eb0
4e44527f-c0ec-46ac-b6b3-4117f6694a67,a4fa41c9-7977-4fa3-a560-8ddcc2a6445c
948036c4-0fac-43e3-b53f-e16131e6911d,86aa27a2-4672-4ac7-b289-abb1611bf899
44085e94-a48a-4b9e-814c-0f489c261cc4,bdb5c872-ba8e-477c-8c4e-4fb03a8098dd
e09cfe2b-6fc3-4a5e-99aa-90d889f297dd,8b3514e8-28e2-4309-82b0-fe9e702ac731
fc297007-822c-4cf6-834c-26fb16c26ac6,d8770dad-7d78-4c6f-ac5e-77e950c2ff9f
b7143ed5-52a5-41f9-aab6-fd2a1f3baf98,ccbcad07-4707-446f-be26-543ead5ff26c
70e38a5f-3358-49fd-8ef0-81a9e2d89248,e5588b38-d308-4264-b499-e8993fb59f5e
e38b77a1-65b1-42bb-a7b9-a4a7c890318b,7c096af2-cef8-4d26-962a-bcf3cffd9013
f42ddf0e-373d-47a4-84c5-3f0bcbe2142c,75b040bd-e280-4fd2-afa6-b6ac4005821c
2a48512a-cad5-4774-b4eb-547c9991c2de,a0df1130-6143-45c7-a130-04d7b969a21b
62b61723-6b15-4679-8bc1-8ec471af11b3,5b69848e-1fd4-46fe-a5c6-8c9cdf0647f7
d6d2626b-6597-4624-ba6e-3ecf53c21a09,930637f5-4877-4c85-80e5-a0de4192ab92
e519592e-1c49-4823-b03d-075b42055a6b,00cec85c-9f5d-4e2d-bd52-b514aafb4d74
1e768231-9dce-4a17-b975-619b5da80e3d,e1d84247-a254-44fe-bce4-d8a34d77a7f1
8fcec790-030d-4289-929f-a7aae47bb328,6455a4d8-bd58-4a30-8d0b-b14d890ab4fa
a110873f-a611-45ae-a333-a46795310ee8,05dd9f5f-d0fc-4827-9d56-39b45a390a9c
b5f34808-5c04-4d51-8f49-3a5275f3e926,cd561d2f-acba-418e-a5da-3bcd89526892
be8ce62b-e584-41e4-b401-fe9499d77e95,3dc4319b-d7ca-4add-957a-eb8a69da2811
b8b71577-8205-4360-964e-efd5dccd4c4f,2dbf1946-a8a5-4c42-8990-58b789a5efe8
05cdc082-67dc-4523-a240-42c988bbd2df,753856e3-42be-4e91-9e93-8f716187bc02
10960663-623f-49d4-a139-9a5e16b12edc,25a17f2a-4498-47f3-869e-b6e4f7956589
98e96e23-3d3e-4087-a4ef-27db03a762f0,ff4dfe8d-594c-40ee-833c-dc9efe64f120
cf4d7f90-5a49-4fab-863d-0601b83b06c3,b4b2cef8-415a-42ac-9221-6300a27bd01c
b8a45913-836f-426a-95f9-2a734ca67ef2,4e80c438-82dd-4956-8ce6-373cfb4dac98
647e5587-6614-4fba-b675-d183a47fd19c,ee6598f5-9c37-422e-bf7e-fb94608447c2
7515601d-d1db-4e2c-a1df-1a74c7063f23,7e025e6b-e088-43f1-a891-5125f26f3983
4a76f966-678e-4e3c-93fb-bbd301e184ca,df33b570-e423-4fe8-a9c4-873a7a67b74c
9a435285-d39a-44fe-a3df-60ba52a83397,18494858-c4f5-4161-a029-bc40143e6823
964df91b-2911-42d8-aa6e-e00e753b9bb8,102d47ce-1e7f-4dd6-9999-2eafee41e47f
069d3164-d5a6-43ef-abef-a87d76ea1458,408897b1-862f-4899-825f-23e916f38ac0
6a10fb1a-b7ce-4110-80c4-7192264223af,baba0f7f-0d93-4883-8e86-0ac57c8a6b9a
2b65ac4b-18d3-4d82-93b7-2f48a9020dad,a3e3dfdb-e122-4b75-b749-e70af1018d6a
1265b51c-510e-40e3-bb99-c1f847d5aea9,d204a0d1-83d1-452b-ab59-a89b151c2376
c5d16603-b958-4128-a410-b2b6f836f5b9,c79b478c-9e06-4749-a4d4-cc7a9b446bbe
e74d923c-07d6-4bef-a4d3-d8498373ec97,2f1725db-e0a3-4c90-8168-5476b54dcd58
99b416dd-224e-44ec-ba11-a312d8f80a14,7ba20b1e-7ae7-43d1-8bd7-b53de666f3dd
56c86412-f474-462a-b188-82bd119324eb,8111604c-50a2-4401-8415-4521b317361f
96d27c2f-806a-4a28-85d0-b1c9bbb5b143,910a46f0-f8cc-46a2-88e1-0c00472dffb8
4584f936-fc5a-47fe-9ada-5160a42d873b,7f33f6d0-342f-4164-8173-c53e6e90a759
77d989a0-f828-4f5f-9786-bff64c8d2e2e,df35e295-72db-4999-85ad-e3500e7c606e
f054cc8d-9658-4328-b2e5-7ef378b450a7,f50338ba-07a0-44af-b12d-ddab12a86ef6
8f73bd1c-3640-483b-828f-c96027b80a53,db460f62-2f38-449c-9f01-4b7918415f60
c2011e5c-055f-4826-962b-54ad2e3ffa1a,0e616cbd-0957-40c8-a559-32d95c46ca47
5be6a7eb-728a-4f94-8580-aec74da24b1b,11486e4a-7686-43c6-9cc3-cd10bd568d05
f92c0c26-db63-4985-b618-048e71bc89c2,822fcfb7-1b75-4c04-ba2a-5feff5a6edd4
d8300bee-9a6c-4d6e-bb99-9d28ad4d596f,617c388b-c173-479b-a84c-a6cfd9cc7866
bc6728dd-42f1-4a72-add7-3a77b7deb2af,4cf4c2b1-a52f-47b5-a816-c3d1af01b1f8
5763ddb7-2bee-476b-b943-eb9cfc86a895,5d117128-ae12-42a2-801a-78947f91e2d2
86f35114-2dab-4d11-90c5-bf7c6f527adf,abeb78ac-daee-4d06-bfd6-8c4ef3f57318
25440d94-62e3-4ede-893b-45adab6e0fe5,6768c9a9-978a-47da-a935-c979626dfa04
a549c36d-a648-4786-81f2-30d454129ae3,9538b14e-7566-4186-86e5-2c99968613ad
e982c916-04d5-4089-b452-586594099e26,f6bab5f0-827a-48c7-a531-520351e3169e
8eee5eed-3a04-4d55-9b4a-35b03aaeebb7,74069610-1e8f-47e3-b66b-9f744e5dbbe6
12c761df-d84b-44ca-89cf-f3387f44603a,ecfe64db-bc4c-4b2a-81a0-9496aefb2cdb
fc62c9b4-cca4-4201-8f67-90ab95a6a9e5,56ea7ce0-330a-4e98-bd8b-ed3e21e7f424
7cf700bb-ccb2-482d-9beb-6cc0ef808dfe,7efa07d4-1c09-42a0-9fce-a89af87e548d
cdd47ae3-d37f-48ee-9dfd-d7639d565a0c,e383ba93-cfea-4749-9eca-774cfdb8055b
9f45c6a0-93ef-4abc-ab08-d1bfca6800ea,0d1e8ae4-1d93-4104-a164-46ce80a66a8a
669f5aa5-424f-4a96-aaa9-1e15e4712848,ac554f87-e594-4b14-83f9-d84de8e460ff
5739bffc-926b-4143-ac98-af5245c6db5d,623bc739-49b3-4463-8670-5a542f405610
a87703d3-ee0c-49ff-97ad-5a3d92cf2b7a,d964ef81-f1da-4a04-b944-56b7d323f203
84b53e0f-717e-4d71-85fc-8f5850a56a8c,47539733-0104-4d20-b37b-fdd16b163734
b034e93a-b2b2-41f8-ba86-0a22b5bd6eff,995c3cbf-a909-402e-a3af-c8c985714b1f
23f03b7a-6941-4d4a-98b9-0dfd2997d9af,8882cf76-d869-4c62-b723-f1024c41c384
48e0a287-1d36-4794-b600-f614fe49b133,5dcb752f-c120-46cd-b9b0-41e53efcf85a
a075a313-b5d5-4990-974e-23f575b1fa24,4321756a-6347-4673-a164-225f44d1e378
65e88f17-1c91-463f-a1ed-840e5e6b95a3,c00f62c3-33fb-485f-b9a1-d401f7102b43
716d1d0c-12e8-4b59-af18-dcc53db9aa2f,2ce99748-2a5e-4581-b64c-cce74b9e810d
851d5b3a-50d5-44ff-9fef-2a3fba934010,0ac55caf-5946-4989-815f-1678ca9d090b
12207180-df51-4c1e-b436-060073fa7b46,522a72e5-cfb9-4a0c-8493-c29a1a541978
2cfe98bf-511e-4082-abb3-2363ecefafe3,6a87e939-552e-49f9-b5aa-becbe8d38cad
b2a73050-e621-49e7-bee8-9f8c97610e53,98795429-3d70-47de-ab3c-bb5275ba56d2
a36cc526-1b89-4511-a85a-cbf0bb32dece,90a70d15-819e-4509-ba41-a46f224fd60e
21b3c2d7-5e15-45ea-b0ea-fa0d31fa4da3,839d36a2-e6a7-4385-b8d0-faa713fa321b
e24bc695-110e-4f99-ac70-ca56aab83266,ec32d9e4-64d3-4314-b591-66fb6f45159b
6cb9a447-2b33-42a0-94a5-7a947ec8a470,5b09d29d-fc20-4c07-9336-f69b4e362052
a62cfea5-c38b-424c-9554-736b2ba4eb4c,6bf74d60-1d4c-46cc-8a76-8a11f3b2dbf6
36c8bb19-62d8-4b47-9d77-1f1a133abb46,0b55e28f-2732-4107-bbbb-dbe93217e406
38a5647b-d112-4c96-94f9-55ee7e8b04b6,935c059e-64ef-4b7e-a3b8-6cb4983a3865
ce14125c-c946-43b9-8af6-54b4b960daad,43248383-f65d-4d90-a76d-2d405792ad6d
8bb875c5-f537-4207-889e-43d7422eb6f5,f182e77c-c49d-4b0e-a529-202f2e3a8dc8
2441f0da-50ff-4d83-86f7-45c079e96a66,0f080792-5537-424c-873b-4be71096b01e
5382b70c-b0ec-491b-b74a-78ed30cbbacd,2f6dcda5-d8a6-45a7-926f-57e47487f67c
2d65c434-83d0-4c30-9d51-1aae958bc5ed,beaa396a-0ef1-4741-8b26-bc8df5078fd3
4e9275fa-3218-43cc-86cd-211deb2ba001,878c3d94-d939-4dc5-8797-0584e0732d98
28207d52-7a30-40b5-84dc-2d8d8a308dbd,21108a7a-2edd-4b36-b3ce-88f1671637e4
8e86acc0-8b9a-403e-bb4e-8ef2be6354cd,0d1b175c-1837-44ee-b743-bc3b7ea60a6b
766c21c0-bcd4-40d8-a48c-9d2330a6118b,2416a152-2445-4e66-8711-4c8d43f51b43
57985765-ff96-46c3-bb4b-2556f9475470,c063286b-fa39-42e5-9142-f4bc6e33733a
1db4bd7f-f73a-47dd-8b95-ffb20ea2aa07,54d499f3-fda7-4cb0-979d-24fc0d044fd5
c5138b79-e7d9-4042-9135-125db33f1e12,b02f58b8-7184-45b0-ad27-c11e1c4aa6a8
66e37f05-f196-4f64-ae43-2bb42fb08f86,f3ccedb1-7200-433e-9dec-46fc0cd0b9bf
abd34df1-ceb9-4fd9-93ee-4f40198eabfa,b09861b5-1e6c-47c3-a52a-f4e0b1c88e98
c022b8b2-5ba6-440b-9433-2d8302cecead,cf610069-b41c-44e7-8bbd-351fa648fd4c
140012ea-1aae-4996-af1e-3cdbf1b1c81a,0eccb2d4-183a-483a-9e55-72da14358160
70443b2d-d6ed-4b50-a53a-2136532f30a4,59a06c66-6880-44ed-b0fa-ac4ad6908834
12c0b2d5-a95f-4d7e-80fa-847eba2113d8,dbf041f1-b8a7-4a88-b633-b9490131c597
01a3cda8-6450-4986-b146-702ff61c0206,0897b496-00f0-44e2-9bb2-fc0ae18df59d
04c0a569-4f16-44c8-94b7-94fcb0cccbba,6a2f0c8d-f48b-45be-addd-9b1fecfb61f0
a5708d24-b8c5-4944-8103-d72635230956,1e63f46b-84f6-4690-b64a-87c0da4f65ec
0b9739d9-ab8b-4fc4-b16c-044a2eb4f1ae,7d004fcc-4517-482d-8c6e-770bba444c51
101b73cd-8751-4ca2-ba49-32daecadc038,85a6be0d-8816-44db-a360-443743987a64
3124dcfd-2dff-4a53-b3ac-cb358541f19f,fa679e98-f6e2-461f-98cd-8b6138bfb10e
2b80f1dc-c7da-449c-b1ad-03bf5f6b2f2f,38a62ac8-163f-44e0-8566-b3d2f058272d
b67b850b-200b-4424-bb3b-c393e6dfec0b,6c27484c-adf3-4702-b4a5-8aea833b3db3
5401f1ff-842e-44c0-b867-c6f25c94cce4,ab13074c-0293-4340-b1e3-017c8c33917a
d4b392a0-f81c-4d6c-93c9-580be503f629,cffc4451-adea-4ba9-9eab-db8182602aac
ad76e135-72f8-4152-8d44-4cfa9414a10f,1dc9a8d9-f0c2-4a47-a4e9-bf153cc6d155
ce446395-d555-43dd-a5c4-bc4b46c35154,6e3bc882-90aa-439e-ae52-5112950a691c
4321a240-1dc5-4acb-8c9f-359c9297ae4f,62d1f452-3bd2-4819-a9ec-390ecad6715c
41bd342d-ab05-4d2a-a666-6f3caed33f36,138d35d2-9141-406c-b1c8-f41e409236b8
75aecbfd-11e1-49da-829e-77445b773a40,641febde-062a-4660-a6b4-142aefaeca3b
f2415ed0-960d-423e-be09-5972e1a73cf5,a2e2ce7d-d275-45ed-b531-b5a4ade43b76
88886c21-ac21-4b0f-93b5-aa1f47347791,97d9fd2f-2813-4d74-9523-bba0754dfe5e
68197b3e-abaf-49c7-967b-3b5838057a4e,fdc12ead-798e-46c0-8a1f-d647376c2f98
1b18188b-f69a-480d-b3cc-6a4871d2a36b,f8502430-bfc0-4a4e-8757-aecdd125d87e
db078881-1526-4703-8657-85b0c2590c01,fd1accac-635e-4e80-87d3-686c64f87bd7
67d7f2ee-af7b-4776-96a3-d3128f7c19d4,3876aac3-a9b5-47f2-9e69-25a89117ac59
84c7b257-aacc-42fd-a801-19486e66b73b,be1703b9-191e-49c3-b0b6-be8d98a9d9e9
73974f46-01cc-4616-b27a-ab5dd106312e,da3871ba-1e9f-4f3d-91ef-7af86ad61539
9251ae90-ef01-40a8-9b21-e3698a6980ad,305d8a0b-9025-4e96-b966-b65cbc593545
f58594d3-d9e3-4a35-9fd6-49e841fdf6c9,157e8c14-1d8a-4953-85f1-899a05a659c4
6414a522-fde5-4461-a831-9482653dd851,814f217f-3cc5-4e93-bef8-a769a866a2e2
9bf6c597-ff94-4229-897a-1e2171eeee1e,9d05262a-93c1-497c-9437-74d273ccb41a
5ee6684c-1e3b-4874-acf7-10dcaa9e175f,ab3ad53d-7ab1-467b-b239-0d16d8a88534
683971c7-2b75-40d6-93bb-6818b37bf38c,45d94982-2b0b-4831-bddf-f88a0218e876
557934d9-59d0-46e7-b4ee-f239e0e4043a,6df24476-3144-49ea-bcdd-c76970e7c89b
2dcc20db-a9b7-4d1a-855b-994a36ac71ab,8e36a17b-b4a8-4a09-b7bf-58d1e841d34d
5ad01dae-ac7d-4b13-924c-3d19c238fee9,f17c47ec-84c7-40bf-bc2e-cfacf552ae59
4ae0375c-da07-4ead-a2f8-f866447f39dc,e1474bde-6686-49fc-bfb6-d84b38ef90b1
8c50b6ef-3794-4b44-8038-52b9aadf2a51,171a0e88-ee3a-4d29-9e6c-583c2184a8fe
5b4c637a-3088-42f0-aa86-71e38a25a7c4,ddcd5668-e6ab-491e-b0ae-5bdbcebe7ad6
2d5c3534-1e39-4175-a07c-ae1f0a3581ac,040b5dbd-c2d4-4e95-ac4c-c9384a467861
d2cae3f9-c97c-4b8a-a248-475f20d115b4,b831d56e-898b-49fe-8caa-2d1028844f8f
f7640a4f-9cac-49dc-9107-7b0a563177f9,35dbb18b-972c-49de-be09-f62cde900409
3f193a4c-0301-4898-944b-7c3bea037f83,7c84626a-97e5-4cee-8e3a-bab045b25977
90958edb-97cd-423c-b428-520bb1b05ffa,853a3938-1b49-4fa8-bae2-bc448f4b332c
0c4fb994-f7b1-488c-b5e7-185a6cc320bc,feea7e01-3c55-4455-9475-7e8f88cc94c5
dab32395-0907-4810-b904-e14e889f1338,5cb61d84-4974-46b0-84e5-3bab5b4e540a
b61072ee-4938-4997-a58c-fd53251ebb59,d2826204-a370-40e0-9158-76e65fd718c8
dcaacdca-c6de-47b7-aa30-3ae546354ebd,b289a302-5970-4ec1-b588-b3580a315da2
91fcca96-77ad-4065-b8bd-34688e91fa76,8f34c58f-57d6-41d0-b87e-4753074174c9
7a482f85-96ea-4137-8dca-d3bfb765b5d2,3f3fd1cb-c7ae-4451-86dc-3a21521a57bf
0caa2330-b3b1-4eaf-8eba-51ac30e07412,c2e16267-8a75-4a00-9615-5c5be5e09408
57a78a9a-c86c-4121-a2f9-8e63285ec05d,45f7ca99-b3d6-4f21-89c4-21f13409e340
54077c15-2fec-41eb-9afe-ef6039eef744,7bea9028-d91b-4042-b058-df21e18370ee
6b935cf0-2ec9-4cad-b554-aeea0d3a1c26,2607a975-dcbb-4390-b496-eba861a841ca
1de2e0d3-3442-4610-9038-632308c50dc2,f0f1ca85-c14e-4985-803b-cd1deaf3648a
0a242ddb-c74c-49a3-864a-935bb0e5e1e2,6f0a8286-873a-4c4e-8972-9d5d4891d7f1
fb3e81ec-be8e-4f68-8d16-4fab45d11739,697049d0-693b-4232-8a0c-0d18f8bc45be
3788debc-cab7-412e-9c04-6c03f56206b7,7158e0e6-33cc-4722-8a8e-119a566afe62
caecd12d-818d-401f-97cb-73b7e916bebe,3bacbed9-d35b-4a39-81ca-eaf879fd3fb5
71717398-45a2-4f5c-8bd4-3385a34ba91f,98feefcd-a20a-4103-ba83-a9ec326545ac
468225d3-d350-402e-a644-6fdde32137ea,e8821039-6ca8-425c-a9c9-7887147e0a92
7c7e57a6-39d9-4c62-b34a-447630c1e777,acbc555c-7b3e-4af7-b93e-eefa0a1b3452
b8aede74-6a27-401b-8221-4691e3787289,d64ddee2-8206-4764-8428-e484897d76e7
979bc56a-0800-48f5-ba5c-06281f63a95f,7bab2783-e8de-4808-85bb-afc6eb465a51
39e3c891-a05c-4497-b490-9978611c83d1,d8f0d662-bbcd-46e3-8cf0-17525f9a0fff
5c5e5acc-c087-4598-bc3d-3471130853c0,3ef79fa3-0bca-4ffd-ae09-d0567e5c90f0
e1122d0d-8950-4ec3-b772-aacacee17b2a,66b6e574-9b03-4c93-b677-c0f44fd152a9
86fa8041-c7c1-4bf0-8bf0-0aa865333b48,45074cbb-e441-405f-a9eb-09e01818f1e7
e21cffdf-f42a-4bcd-b901-301eea4c04d3,81db11f8-7a5a-4819-88e1-26c9208178b8
5a99907c-2c25-4a53-8735-c1d7eab68c25,ea442bf8-d724-4975-90d8-cd4f90cba108
aa9bc26e-3c15-4117-ae8a-1d3508b37a83,54b04b61-94e1-4335-aa70-13ef38933fd2
552c4fd0-c981-432e-a527-0939959488a9,6777c70f-4010-47a1-880b-9a1bb7c6abda
5b02fb20-74a3-485f-8aac-ebd859b6df91,44ce1e6f-a50a-43cd-b780-d22d45060d7a
8944d88f-1571-457e-ab9f-61007c68bded,a0e37bf6-abe0-4129-abf0-fb25646fb981
2ecd19d7-8b90-4aab-baf8-69e28fe47041,bd719bdd-ecfb-4b3f-9875-7db8287b6248
a5e6a867-aa2a-414f-afa3-fa9c4a24f194,3dca7b6e-9ea3-4e66-a675-62ec5addb952
6eadcd6e-e8fb-4741-9050-943f327e0ed5,ec289842-dd59-49d4-9eaf-d4955f4473c8
e4bcaaaf-c261-4c6c-90d7-d81726c7130f,5751c214-92cb-44ad-8d5a-63b435529f92
5bc9b504-7ea4-4738-be3a-36880ee32545,6d7a9cdb-981c-4013-a0fa-891f90e8419e
de226f64-e20c-4860-8f9b-03eb0ffae625,aff1993c-129a-40ec-9b95-aebaccc96778
972f8b41-e120-43f0-a934-57936435c595,2495e57f-f133-4236-ba58-266415faca63
6e94223b-e217-40f3-97af-06f960cfe1b1,87d0b78f-104c-421a-8b8d-afa1e3267377
82855ae1-668d-440b-84eb-ad500bb2c618,954be34a-9233-4658-8d1a-4ce92fe91c16
4d30ebf6-2502-4ad1-8139-6bdb78700755,ff4f87e2-2b7e-445c-9109-76e98419147d
be46486d-beef-4d3e-8203-98b59e832877,03600536-1e23-4810-8090-b9f812518ac0
5532e1d5-a9c2-4e2c-a207-2c387af7bb86,3a823729-2364-4658-b0af-c7a6c841a58f
bd7a817c-cc8a-4f05-a863-aa41c87eb4e2,1ed3fffa-8c7d-4510-9e05-231572144dd4
e20edb0b-43f0-4b73-8d48-43b8d728ce27,ddabdd5e-df1f-4f8f-8c5b-7b98111d9d2a
1dbb046a-b3aa-4ad4-a898-09bd59b85c65,3bfff2c5-b104-4e75-8052-6c198664f1d1
8b82b045-0e37-47c4-9567-17b4ade9671b,0c5e89b1-a56b-4695-9940-e9b3b18c5fcb
e779d8e8-0bde-4af7-8b9e-8af5334d4baa,302eb3fb-b662-4cf0-9350-bb29eea5cc9f
60b3c25a-3fdb-45c8-a39e-c35d9c84dd52,5e4fa061-17b8-4114-8218-f5d108dda6d4
140c1fb0-fb9f-429e-af2f-aa7d138eb5bf,6c7f6aa5-b9bf-4fbb-9230-b8df1330b4d7
2af4e5ef-2250-407b-babc-c10bcdbf8d86,bf4d6a7c-8d20-41cc-9e58-3a4769aef166
24ba48fa-51f7-4bf6-9a9a-4e5f76f82225,03b00415-5c54-4b27-af1d-0794b00d2b99
6be54870-2162-43b7-a7d6-ff3c3a1c5df8,647c4d7c-788c-4999-a460-44c2902cf4d6
bee31458-8c08-4431-99d7-690f6c28972f,5580e972-0353-4d00-998d-5a94bc7c9629
877dc1d5-a66d-4d45-8d78-a8c5c4cd96a2,dbd5e0d6-371e-428d-a732-c3f6028454d1
9a815bff-292e-4d5b-9b65-9ae04a2e875a,e67b5342-4c05-4bf0-949d-0c5f812cee64
42185960-0d78-490a-94c7-e654ea00fa11,b043079e-8ae8-4e81-b2a6-c26f1ed0e45e
2faceb08-243e-4e75-8142-61cb3b707535,6dd383ec-0fe1-4e4b-972e-37b2d3e714b9
7abe58b8-eceb-4725-a2a5-dbabed9ef8f3,1b50b942-56d7-4c02-9551-3305c9ad062b
6c2d6c05-cf92-4ed3-9e4a-efc4c65cfb19,c180cd62-22db-4d36-9698-9cd76596fd75
0946dac1-77aa-436f-9938-df61d90d5b36,677a0c6c-86fc-460f-b903-f2ad078ece00
498abd16-9a0e-49f7-89fc-fd07bfe22390,c2752583-62b5-4e73-a870-c7cbd8fda22b
55d09656-c3d4-4f12-80d0-21e7511b90bc,69d84969-bae2-4fe8-a6e3-530d94f8cb6e
79f36c56-9aa9-439e-a552-dba0806993f8,7ec9ff1c-e16f-42cd-8d2e-ec4b93b54a67
b062a198-35c6-43a6-b897-80bcfa19fb55,8a677c0b-2741-4f60-b02c-ee7bcf7cf866
eeff02ad-3492-4154-a1ac-f07ab7f02306,0d28b629-5f29-44d5-b477-6326945f1f6e
07e5ef68-570d-4f77-be44-2f7dc309b1bf,99254b29-6ac2-4d8a-afec-ae53619d0658
8ba1120c-fe79-4e3b-ac87-94a9feabe7b4,3976fcc6-8955-46b0-b838-b887f19810d3
c7e9436d-28ce-4ea5-a66c-f55a83265878,183f3ee5-89ec-4e38-aa53-64f795d60303
a93c03bd-dac2-47ee-b1b3-89f4d82d961a,7500f6f0-fab0-45b1-8619-b750c98d90c4
479c39ed-e9ff-484f-b9bf-930d68f12bfe,f8e5257a-8e3c-4c74-9fb2-fb7abbf47961
d2aa651f-5b6e-4db4-8561-1c945548638f,9d662db7-ff34-4921-8ec7-9414dd04f18e
268aadbc-6d3d-4453-9b79-b6ed1f4b5de8,e8f6e8ed-1fce-4ca1-b39a-a60f37ee2c00
7b1d9c6e-5410-4947-aefc-7d008819dbb2,ba384148-5a2b-4fc3-b950-3480f255180a
d7afca9f-6121-4033-a6a4-16f6ce38e8d7,e82feeca-e271-4145-a856-c4083884c3af
1de17761-85b4-4e64-b57d-36ff735d1a7c,f5184d04-fb73-439a-adfb-ed2cd45ba0fd
ef72e1c1-8428-4899-99f6-9898833ff2bf,eef0133e-a257-4dc5-bb20-7c7086474b5f
c571fe53-18da-4fdb-b413-7512e82ac3f1,70aa7970-d324-403f-86f2-9eb85368a50c
939d57a6-8b65-4978-9236-c34f6e278db7,26b2c982-d331-4542-a3da-6f0f9de50c6c
92545b63-a73d-4525-9a42-eea480166945,183af444-deb4-48c7-bd16-8570333e90f8
1bd35dc0-b09a-419c-a069-b618f7179f26,4437235b-8f7b-4219-8e3d-9f9b3a1cee60
ed88a8d2-1edf-431f-a2a0-7ca57c6d5546,219abea6-4840-4ca5-a98d-e8a772eabb2e
89b549a2-87a2-41f8-8855-f6f065b0951c,75602069-4cd1-4678-b2f6-2046254bcef3
06e5790e-744f-4651-a44b-58a3ba6afbbb,0aa510d4-aaf6-48f0-916d-bc15edf3229e
67ec6841-b52b-498d-97c2-2991f1cc4c5c,112dbc14-fb5d-4928-9e55-3e04e7805ac9
dbf5b83b-abee-4c93-868e-46806f9eef71,b0285cde-7bd5-4cfc-81f6-5f27bc0c15d6
8f111873-fa0c-4578-9528-1f2c651864a6,2cccd9c4-0b87-4575-b42d-ed9a31b96457
d1ed8f6b-696f-437e-964b-d7cdf36c4863,f195f173-79ec-4368-a046-673b1ec340aa
8bf2359d-e3e9-48b9-b18f-fd186731c0db,f631567a-283a-42bf-8428-03138390e1ce
27640261-5593-4ecf-b8ed-019761b384dc,1dda9326-1675-4e1b-9cf7-ff8fda843aca
7e0683d8-87eb-4dff-9587-ce29719a57b3,6aa663e2-08d3-4157-a2e1-c7a0fcf4c2e4
238c1aab-041c-498c-9106-e41d7694ae97,c1fd0ca1-6185-4824-ba23-81546cea7139
86082455-cb6d-4a44-a01e-59ef032a5ae5,19b37bd0-5e37-40ca-97bd-e2a5ee1d6a7e
8b568311-3adb-4f92-9e1f-8e2b623a6261,51bf69c3-a9c4-4186-ac14-e89dfa59e8ce
2739acef-06c2-4301-a630-5c93c81bc403,6e88cf36-78dc-4327-90b9-addee7d1cff4
ea99c76e-9961-40f0-98cd-12506b028cf5,c3334e67-cb52-4fc0-87d7-9d8b9d671d53
3a3fd928-405f-4bd2-bab3-cfc527b49aa4,28075b8c-179f-45e6-a9d7-940b1bd3e904
c017c68a-dd48-496b-8a79-faf0dc691244,ddaccb72-58d9-4e09-b95e-87a593dbe63d
865d885c-cfc8-46c7-9025-c9b0335d4c07,1feabf28-5d54-425a-b528-a4db304d4955
192d846c-12b5-43b0-9f9e-ed122b251d31,418cb3c3-62cd-4768-848b-d876062c6218
b088f8ce-5f4d-41be-859a-bac56d88842d,3f3c7686-db84-461f-9cf0-20366e0635d6
2dca8947-df5f-41d0-b58b-b4abeac9c663,f53ddfa7-7318-415c-b77a-86d027392b4f
d5651773-5d5a-44df-a8cd-915266904857,87e04fcb-c303-48c3-a7c2-4139f165084f
d22232c1-708e-400b-b6fc-3a0439bab567,25ef1204-68d6-4fd4-bfbb-f6b3f570e732
6d719eba-ee1c-4c17-bae4-2ab9f8c01dcf,ff77ac53-4a92-4184-bcdb-140903968faf
396f7ebd-3311-4396-a78e-eee7c7b434ec,3f473aff-6f30-4722-9fe9-b70ddb9aa6c9
c9a04738-0665-46f0-a67b-20e82015bc1d,92cdadaa-3421-4f32-8eea-72b2b2f81deb
c9233b9d-1e78-4b7b-b74a-80fb3ecc01c8,b1afb6b4-95b0-40bd-950b-a81834a72bb0
22cbd6c5-ecb6-4c1d-a1d5-2fe1e74a5b4d,6af279f2-1bea-463f-91a9-5400ace81388
51701c5f-04d0-4615-b3dc-e34fc66d604d,390e09e6-8f70-4887-9051-f8d8e6ad7b05
e807dceb-0c75-438b-be4e-c344ac5c6f84,4538d512-c50d-4d9e-9986-b23d847f4a6f
3ef503b5-b3ef-4229-aadd-1010608668a1,2a8e49f3-3523-4971-9c70-a4e68ebf8582
a245eec8-4a68-44f5-ad94-982bc0349fa7,17c856a5-15da-49bb-b810-6c7be8ee1a4b
8b467492-4eae-4a87-9be6-a31d05bad0df,634dd13e-9615-41c4-87bc-1d797c2f4895
e3f9b806-03d3-45bc-989d-41a1ac1e4320,ae21d045-b37e-43ae-9998-38744d897e39
3b45c2cb-b17c-4e7d-9871-e835c3ff7c98,a42b3c69-a79c-42b4-8a40-90964962ba4b
e9aafd83-e6e2-4f3d-a9fe-43142e654c68,e089d9ec-1323-4423-888f-f8620decb512
d5988167-cc1e-4453-b6e6-3cc26be8c30e,5d9aee0b-6a3f-408b-9063-df3993d34061
981caf22-0452-43aa-8fbf-146f54e66820,c577252d-0804-4a76-9165-725b1c6aaf9e
cb7272f4-60b4-4ed2-9552-f18dfed72009,22338fe6-a8c0-458a-8fe8-0fc853679c05
ecfb094f-e269-4f0e-9a1c-8c6213fc236b,f7a136ec-2475-4057-b670-232e3262148e
f0d9c63f-6b36-4477-a6e1-5fde121ad0b2,7fcc9659-e687-4668-8f49-fbe9b8735f22
0048d035-feeb-46f8-90c5-4f3218ff53bd,5b3b5fce-d070-49ca-8713-7d0dac504cdd
ba05a423-5796-4a55-96b4-4ec118d41abd,61d848c2-c2da-46ab-b839-578d514be09b
919621d6-7810-435e-8446-7e866bccd548,90fa8e8d-0d48-4835-b926-0629250873f3
c305e4a3-7e8a-46d2-a00c-400314ccf7d7,23a655fd-af30-48da-a5ce-7b9532fa839f
b6c5bd76-a0fb-42c1-954a-009b6c0bdddf,a20f10f7-e78d-4785-bbc5-c4fead5a2bcd
23e81abf-fbfe-4203-b2f8-2170a33aed07,f9c8e042-cab5-40ce-8b77-a226620623df
04b66276-eaf5-4d32-92c9-35362805063e,fba8a668-8d5e-4cc4-aea1-3cfdd491f7d7
0f1a76aa-10a6-45d3-9f0e-96bec33b498e,f07f3bd7-31ff-4cb2-a9af-be5112ce6c60
fc0e195b-e523-4d65-8dcc-85d1a3a75768,d66c2c4c-52b3-417a-b323-ce90b97d4396
128dcae3-a634-4992-8cf0-8a2c841f41fe,cf02c6ef-4d76-4fba-ae24-c1a655bffd70
b4bb900d-1e21-4e74-b282-833ef3ebad88,83d5bc46-3f23-407e-b7d0-110430fc82d0
a2462397-a748-4a07-8b7a-1dfa4142ca9d,045fb9b7-ecb8-499b-97a2-a6bb4d8d8886
db108faa-7b5a-4c81-80c3-36ff485370a5,cf592aa0-da9f-493e-b5aa-40b7a67eeba4
2e47e3a1-7e76-4bd1-8787-c1bd567ec8ed,6705c143-538d-41d7-88b3-cdbdb707e450
0ce00f73-249f-48c8-ad6e-e1611cdfa114,6938174c-fbe4-4fe1-9707-047fec325f74
887f9d82-e41d-4637-8f63-b892ae7712a1,8ee7d03d-40b6-4c32-ab00-5850ddf636d0
6b3ba947-a8dc-4cc9-a159-bc34bd9bb1ef,456ebe41-e59c-4aa0-aeca-59d897820379
982c55e6-f003-4f5a-a352-f4d67f6ed1b3,e9bf76aa-370a-49dd-9e14-447d52b57f5e
2ee396dc-2a8b-430e-b49e-26a2ee5e62e0,99739353-8293-492d-ac57-73300e6213e1
5b9d0d37-7ef0-4f27-928c-e2a604a7087c,d49b2ead-9300-4fea-b2fc-2e31bbda4dfa
761f26ed-4ab0-4042-9512-a1f4c8d170a2,25cdbc6a-90ba-48c7-8270-76ebe1cfe7d7
234d806b-c847-4d2c-b8ee-3386ad76bff3,6f624d93-fb42-4fbc-83e1-a1a6629b19d2
15366ab2-b7fc-4876-9105-62ab7b6f15ec,55cc41e7-1497-4fab-8b4d-1a0967ed0d10
aa0914e1-00ec-4d36-9bf5-72a3d4a3bb02,e4ed37c8-e1ab-4b28-835a-edfed9d5faf1
06b42652-d9b7-4021-9612-f0149efc18c2,ac350df5-cf9f-44bb-9a15-699f892831aa
e62d449f-d05c-4b07-aa4b-afeaf4990926,1a02fe47-a871-49c9-819b-1346969d1eb1
6e70bee3-99a2-447f-a531-64efb31b0fdf,e1561cf3-db40-4170-8495-521416f1a5e1
b192173e-87f9-422e-a405-57f34af24c16,88b0c0c9-013d-4dfa-bf81-41f883e2b306
563b03b0-bdc3-4373-8d4f-300006c89cff,07d9ea53-58f9-4273-a542-da7d6bbfb40d
209a0e39-0a98-406d-aa50-092302dad843,02335718-1dcf-4930-9e74-f2c49025ff6b
1d0b438a-cf23-425f-9ce6-6c655c07e5e8,7e912623-7c49-4f6a-98a2-fae2f1a4af72
977115a0-cac7-4a99-ad83-8c321bd18b51,e0d49b38-cb0b-4ec0-95a8-6fc44b14a219
729e6d63-167f-45aa-86d9-b2c6816785fa,ed1ba932-7d47-4a89-8968-224bab6f4e43
4efcb7b0-9302-4849-8001-f9ae041441b6,353aa46f-596b-4cf9-8533-897af1bb5846
5971a4e9-1226-4c5f-b414-b241cb70e185,abf855fa-0db1-42bc-862c-6f08a4c3638b
ddb38133-9505-473d-aaf8-17b28be9cb3c,0fde39c8-2638-453b-b9f8-113c0e4da181
79c4cc05-8069-4125-83dc-962ce3fdaa39,33c3d968-a5da-41c6-b9a2-6740d766dd13
3a719f68-cc2e-411c-b803-a28633138ea2,f23cabd5-5681-4c52-b3f2-cdf35f4bd386
2e23a473-a690-4fd0-a8e5-b38734b6de3c,0ff44839-0a7c-4360-b2f6-016b994d8b12
0fc6d6b1-f9d1-4b8f-a9bb-8c44ac34e2f7,3a2981a9-4292-44fa-91b9-1d37dc106b46
ed34f3d6-eb01-4f56-87d6-64a5f6404cf5,ef082790-e337-45e1-873e-2f4e5c33bf03
d6b0ec5c-1503-408d-8366-1789810016dc,43533bce-3e2b-4560-9d90-9f8761531b9c
bee061b6-6216-4b84-bd55-02e589c2add2,8e607e81-2410-4ee0-9b8e-431c5b87a28d
5a86efe5-0858-4e0b-a8b5-b16f822aaf6a,a2adac98-979d-4adc-82da-e1d57bb02762
e437ce3f-3548-4d94-ac87-799279be7036,78c902a9-3ffa-4ad6-b424-9bd1e126a6c7
6fc3c1a0-fe63-45e1-a6ee-e4a1230b04fe,5ffcd12c-7088-4ba3-8b13-6cd5bda51395
03478587-305d-4cd4-a07b-6a2d025c81da,2ee1b3e3-907c-4d32-9509-7b4713a08a12
e2fda71f-0e81-44a2-b5b1-46b4e1615542,3b333a2d-ae6c-44c8-a33b-a64d69f4dd3c
5694b63b-8e72-4163-b489-e3fb73ae3584,d3fddfe5-16ed-473b-ba7a-02514f804a80
90379107-87f1-4447-b3c8-e56d28eae09d,47de197b-1dbc-4189-ae6c-a73e751e5deb
ff029852-e5f6-406e-8700-4603a4f97d88,dd1c98ad-845d-48e6-b995-5c7fdb6bcd79
746aa897-6e75-4728-acbd-17ea237984ed,ddd1597a-7d6a-4658-b83a-60b12d094b59
f0d6b48d-16e5-442c-ad5b-7e36a84b31f8,d7a3a5f2-ac53-4644-9984-5083a6dfd242
ff843fa0-798c-4c9f-ad42-4881a504e427,496147e9-0cca-41af-87f1-06a12110d89d
10da037e-8e67-4318-acf0-64c4b308555c,c55ec435-4de8-4330-a61e-ca116d65c362
d704d27a-3ed5-419a-923d-12e988412e95,3d08f392-5b76-43af-a56e-61bbd4322d11
28d888fd-baff-46ed-adc5-af2c7f46033d,3ba08051-7d34-41cb-9694-e92afeb21668
fe4924f6-362b-411e-ab00-db81925f6d53,de13daea-ed41-40b1-aa0a-c4a8818fc4b0
347b9a09-8b6f-414f-b979-2e7852a623d1,8cc9efda-3623-469c-9c55-633d6e6c46e2
ae120a1b-5a09-4e71-be8c-d4c19ae2779b,fdf46326-50fe-4e9d-ba2d-5f710ada27ab
c0b8d7d6-edbc-419b-bec4-4bae371d2d6c,51a8595f-7dfc-4480-b75c-ca4b946478cf
9e94e389-0f78-49a7-8904-74db85fde6fb,69f50462-4474-4f1b-833e-3b48be533e02
b3c1274d-4482-4eb7-9eae-12d0d5dfb2b3,8439fd28-aa95-4cd9-934a-4daaea076980
c113824f-20b6-41f7-a513-9601bc1ebb2a,e5d5b074-173d-43a4-960a-43e694660b97
d5f7143f-5fd7-45ca-87a6-9fbaceede398,c835bd44-97f2-469c-988b-c433316d0786
06b233f1-03ec-4586-bb4d-459c0862f14e,1cfe63a8-cb17-46f0-95a6-01d1d45676a4
3013816d-4e86-4349-ade3-970a43e10d16,afaca2f2-71fc-4d40-9339-afa4f63046f9
c5a39754-d4b8-4c90-8321-09ce7cc5b122,1530c501-d6e8-4e3d-9d7b-5f791972c7d3
b2d36d8d-7a07-472d-8bf0-c126c561506f,0f5cd50b-989b-4b2d-b53d-b896112e5912
1d829f36-5e13-49c4-934b-bc4804fd6bbf,b2c1bee9-08bf-44ea-a1b7-29931570b198
9e390d29-2a85-4adb-95e1-3615846cf9b7,6121fcc3-e261-47fc-8cf5-52ad6e03f808
7635689e-503e-42f7-9b31-544302661e75,2f44d349-d501-4e8b-8733-2b4f25614763
b0cbdb99-a0c3-42e2-8825-8cfb9a87dc48,46ad248f-4247-4b47-9d98-11a8204a9b5d
a75efb65-17b7-49a1-89b1-0a34f5611df4,d4005bc4-3eb5-4798-8345-a9696d87f516
7c99f2b9-b4d3-471e-b674-164f7a82be4c,b52f8e19-dcab-4408-8ef5-0a431c1438ff
49e00a5c-4585-48d3-af2f-7cc0190a4875,151f8493-05ab-4a6a-8f44-7177dc7aaede
e7091351-0696-432e-9131-7e8f7088b99c,3de8f4e8-ac68-404c-b919-dd2f859b6d9e
e9049c9d-697b-4dc3-b6b0-c926b9076a2e,96cc1595-039b-4397-be4a-8539bae30718
f20e695c-86a9-4bdc-a539-66a0a1294c42,6bdb719c-e581-4b45-85b4-87fc7b8415d8
511b2676-d44a-4405-880b-75c38477eaa9,afdb4201-9f69-45a8-8802-8e8082a160ca
bb5cf35b-e477-44c6-a2e5-e25253d88608,125f5ea3-f332-41fc-b6d3-a3c7c70f4463
0de09439-e489-4b5a-8cae-a81b3aa37d08,5bf91600-fee2-4451-9667-3cd8783c5e26
f81e8b6a-185b-4b18-9713-4d0edaf876b0,c8089996-eb4c-4f34-8940-d5355d9c17fe
21ab26da-b98b-4222-8cd2-3ffb7de04ab8,be6c0ac1-db40-4c95-a428-a7ca776aa045
17cfeabc-af75-4b37-9f31-8cad43a4d370,49603246-a3c4-4975-b6c7-f795b6d7b162
0f9e75b7-757a-44ba-984a-327025b5b1db,fde4f619-2454-4bad-818a-4ad40010fa31
5c8c218f-5870-46d5-aeb4-41da309bb2b0,41218bdc-82da-4f2a-b77e-8f58245aee3d
ebab0f35-5d92-4344-a753-20abd9b97160,3c8d49df-2498-42d2-b679-39d64e86d568
f85f6363-7946-4b32-a592-95042eac7374,c311f432-8f56-4aa7-b056-df890e5eb9d8
9bbe0804-41c8-4fc4-8b31-07b3998a8ef8,95646ddc-5615-4e88-b648-87eafa813871
fbf752ff-e8e6-4d7f-b080-e52a22fa1270,ac50e5e9-9703-4c0d-87b2-446aa5646be6
0358b95b-a5d4-4810-9e66-713190185eb0,16f5c9cc-d07e-47e7-aa2d-7e12ea78d572
35c54345-a37f-4a3a-8543-385d72a6cd3e,22440270-28b5-4e05-88f3-56f5aeb0cacc
4ec58ce2-711e-4e3a-a261-16fb8ce530b5,a8ed4b1a-1ef1-4971-9f77-f12cad62d2f2
b6d951e1-5e68-4600-9d9f-7642b31ad344,4d7778b9-de96-4253-a762-3fb256f50ff4
0bd06ac0-fdd8-4203-9897-000210830a9f,7367a445-ab25-4185-ad5e-db92b6e20a62
3edd643a-5b49-4d8b-bc0f-e4a69d66cbce,d30554b5-9f86-405a-b1bc-ef340ca30b83
30a789ee-154c-4fbc-b727-93062a999db2,6a988d36-5b93-4ec4-9cd6-ff1b78acef87
f166d291-fc57-4909-8af9-c87b92f87a73,981fc2e2-c052-4c84-8802-96cf81101017
3ecabd29-58aa-4c42-904f-d547b5374381,8dba3f3f-8554-4238-a711-cf234a26f29c
5cce332e-791e-433c-9427-f141e5db0d26,a69f0937-a789-4687-84b4-2a5c38b19fe9
a4a19878-b52f-49b7-bd4e-9087f2bbb87e,4348ba4a-2758-4111-8fe2-724a9d6a3c20
c6815e8d-fce4-4294-aa88-21f769443ed0,dd01e111-6ffc-4fcf-b050-22261a922a16
3724bf7c-651f-45a7-bfa2-ae38dc1cb6b7,f3bec603-e44a-48f7-b4d3-94d467649d1a
b6eb026d-ad1b-4674-8c5c-ed5c49df2627,d2526aba-2f0e-49a8-b4ca-633230f2509f
84b623e0-0cb5-438b-9535-1f1e4fb233ee,8ecdb6e1-b086-4681-8eca-de1b844c92b8
c172cf5f-5937-468c-89dd-c9a32e6ec1a7,63e78c74-177c-4dfd-adad-b8490aba137b
f830f6fa-5bae-4545-90cf-003b59920d74,910672ee-e961-4cab-8804-cb4f48c97e56
63a40253-de8b-43fa-8849-dc6557b8c9ab,8d7ac94f-50d8-4c93-ae95-b688836dac84
8cec541a-6d22-4002-ba37-471679ea81cf,db2339a3-0cec-4e17-b6f5-962e50cbbf37
3bf8e63e-4008-44fa-ad9c-b24ebe32f0fd,54196dfb-5fb0-423e-9046-b0efc7d08c00
445d1085-e76b-4e55-9fb8-b862d389ae3a,e2d138f3-1307-47e0-9423-e6058ef756e6
41f89ec6-0abf-4d1b-a0f5-8f6fc34eef7f,6bf0987e-00a9-4b97-a2b0-ab1d898b77dd
f2273351-c708-45be-9c04-cfb35ad2c10e,bc855916-af7a-4932-9ce5-dae9725e6c83
eedde66b-6a8c-455b-8312-ceeededc1834,a4f988c7-41dd-486f-954e-113068464d8e
17debb12-9eba-4169-b2a2-6ab00aff7d96,85ee59df-31e2-4bd9-87e4-240c7343c4a5
92eb06af-4918-4b48-929a-109ea1b971da,a02ef0df-d673-439e-ac70-737f72398e56
e4385192-38bc-4602-b459-63de85ddac39,51e18eb7-5b17-43a8-8c19-eb572c9d1c3b
0673c9f1-d243-49ea-a3db-fcecea476590,dbc58783-b1fb-468e-85ee-e0231fcf43e8
54a1afe7-ceb7-4597-ac68-0abec47d7216,f8130504-be60-4ff5-acc5-36b68a86a2a9
34fefeb8-1451-4cc1-8989-3df5bede16ed,79e6f398-a830-47e2-aeda-b202062b506a
b6966493-7754-41b4-81b3-7ac4236cd4c9,639115f6-bac9-4686-8786-d15a27829e62
e128b246-1eed-474c-bd13-ce967fe21130,37d6287e-3208-46fd-ae18-02c2b3436a44
7778303a-1195-44da-9be8-3708004314b7,c57777b0-09d5-47ab-b07e-149eac66a01d
39914f2a-2643-45c4-aa85-06e5dd19adb4,589d7b0e-685f-4a84-a98e-3a58aa19b5d7
d6c50953-91c1-42d3-b842-3c0ad928ef6f,ce642daf-3566-48b3-b69e-e124458515f4
4d75671b-0033-404b-ade1-4a4f7f3814f4,b9682b7c-627e-4101-aa07-6b1c152a5bfe
139ffd79-9f36-497a-8cf3-2fb4271cfb66,8c403b17-69f6-4156-8e76-3c0fbda20a18
a2fe2011-4368-43a1-a14e-264604551846,deb0f30b-bc92-4016-8849-e54f29220c67
1ff5fcd0-f0d0-44ef-8058-76209034fc05,2b9be842-cd80-44d1-94d3-2999a38915a0
e9ec944f-0254-468d-875c-9eb4a44355b0,7b658522-1695-4e3f-987b-491b93fbbf15
2c7b252d-4299-43dc-abdf-225da251e797,a7e817de-662d-48c3-8fc6-065967b0a9d9
12695380-f3ef-4ca9-b65d-5e6b168929e6,dba10e9b-ed84-43a9-a4cf-962271d68b41
215656be-1a2d-48ef-858f-ed63a575fb0f,96e2e697-a8e5-428a-a1c9-167d63203a17
a1eb70bf-0c8a-4833-81bb-43cfd28bab1d,15dba1b3-0e2c-4db4-91da-0b7f46e59cde
06453555-206c-4398-801a-e97a7902b251,d944ed3c-014f-4c3d-ae21-207dabccdfbe
27ef501c-73b6-4af2-a091-02888cfeb760,91be79db-4c1b-498e-814e-8706d067ab7e
bf7a2697-2b72-4a52-897f-be1392a68c84,90b77380-1150-423a-b45f-1b7be15cbe85
18f90ba6-69bc-41ce-93d3-53ae837fa3df,404b669c-6571-4e05-b86a-aeba771b5f16
6eb15746-6bd0-48ef-8ec0-2bd4314172ae,abdc0d8e-1d64-45e2-8f3b-5cf809c2e61c
d48331dc-ccd3-4790-82a9-5d7361cfb76f,5546f4f5-a626-4612-bfee-814f1608b23b
afaa2159-b3c8-4616-91a3-4cd2df430643,a7af64d7-3bea-4815-9311-2cf521d703f3
08062f12-5130-4065-920a-e6b6103590af,7b6870fe-e90c-4ecb-b6d1-8e2af4a99727
811b210f-a55d-4603-95dc-c8372e74dd06,a0d280ad-7134-4293-b695-644f71431033
c508e6a7-c139-4dd8-98c5-76cbe5cbf7fd,bfc3aac8-0820-4052-be2c-6ced321a3c40
e1e5712c-98b9-4be3-a381-61da0664ca98,ae0fbe83-1c76-4f80-bd2e-c8a8ce570062
f2a4aec0-bc6c-480d-a0e2-b8924eb999ce,e53c3632-b84a-423f-8983-d3c8e08ec3c6
ebb27ea2-a62c-46da-9cda-7f29613d35cc,5c94df01-b891-419d-84d2-d573b06919d6
59c5148b-7c57-4db8-a706-1e3a3b09a693,7fce37e6-8a5f-4e18-aaf1-56fa4c4c1762
fb0b9373-58be-4d6b-b034-ac208d2d8b0f,1d04e828-ac39-4b8e-8d20-ffca40f1ad00
364129f0-4bcb-4a6b-bd36-9e88325635a7,ee88ea0b-31c9-4ec4-88e2-7fa6cb98f72d
7f5c7ef2-168c-47c9-aae3-ca96746315b0,bdf81f1f-f4fe-4a72-8e2a-061a9b6119c8
14900a90-7df9-4528-8fac-d0098ce9d363,6ea08613-b074-449c-aee8-add70702bdd9
723bfd84-5ded-4a2c-9933-03c09c76277c,25ec6173-66d8-4914-a232-4b117bd70cb0
025fa42e-771f-4d96-b317-a955e7091bc0,ed9c14ae-de00-4a02-bfb6-91a2f9ed6ac4
5bec153f-98ef-40be-baa4-25aac3cd4be4,90e00342-6954-40b9-baea-73e4e39a3d22
301570ac-bdb5-4123-b985-8b251d564206,e512dbd2-3c6b-4ca6-9d38-509e3508000b
237c0e8b-3ed4-44fa-ada7-823a0095e780,7c0d6bb4-bd8b-4060-8bb6-d09000c933b5
8d8f74e7-c99c-49ff-b061-f456246e6442,c680281b-12a3-4742-a331-7fa3c8be15aa
a741c38e-93bd-4220-999d-b3c6c58ed641,7a87d6c8-eee2-443a-9509-90ff649f6861
d58c2085-151a-48ca-9e62-6f0fe8a676d9,55015f31-a08a-43d6-adf5-a1eb1092246f
522afea7-1920-4b4f-a8da-f0fc641fb766,b774878f-29c9-4c2b-801f-2b9addc449e2
70a8abd2-5358-40cf-ab2d-01e18e44d31d,9c52f825-c41e-4f82-b1aa-194f44708394
9b1c6aac-e0c4-4806-bdbc-e290ca22c02e,0003af69-4f78-4caf-91b1-78c8a26e6ea9
0f7f2ce3-562c-4405-b265-f5b4e32d74a4,7cd7293d-c55c-4423-99c9-7b62334e757c
b4a52b7f-02de-4cbc-bd09-84db4a5ac6e4,e098c377-d99f-4aad-b5be-005089b5a66c
fff9a819-8bb6-472a-aa2c-a87f3da2b5e5,d1503f99-f24a-48d8-a42b-49e7cdf80665
fea158e0-fd65-457f-b051-30ee4382a874,634a5ec3-34ab-49a0-a96f-825711cb4cc8
25cfb348-3cd8-429f-8cf6-ff1cc8ed05fa,f74e9cc2-6f44-47c4-907a-c99b1317d61e
d7e3ab63-8020-47a3-bf55-3113ff3c6f5b,80e910a7-0cf3-4078-8d7e-161ade17cef5
8c17c519-273c-426e-a97e-06d14ccd3453,a3feb566-967d-45da-98c8-354c69f4905e
955c9b80-4631-439b-bcd1-777c89838fa7,9f9fa6e6-cff1-471d-98c8-0e4068b2a97e
65eb7396-8e90-46e6-882e-91ba0836c003,e7fc0e49-0379-440a-b3bf-387c40767a9c
b7f8d351-f311-4274-847c-55df07214b5e,a0d12215-59fe-439e-9338-e861fca3cb95
763a6311-4218-4eda-8bca-2cdb50afe1b8,2e5e55e5-9558-4656-9357-29f953f4ac66
60fa9ee5-647f-4056-a70c-515525b26968,10d5ce71-48cb-438a-86c3-ae44e619b8aa
3b716db8-4b52-409a-b461-b0a51216ab70,fc52fd35-d3a1-4dc8-99da-6975299e80c9
ee988503-7154-42c6-8b75-13c7d9b17440,23b96e31-310f-41a4-bb9f-3980f587c457
f8b86576-8372-4b1a-b5aa-5200c834bf28,49459c5e-f9ed-45ab-a87c-640136f71fe6
09978131-ffdd-42c3-bc45-a828e5979c7a,24ad41f6-3d2d-46c5-a859-3f08370f82ab
aefa04ca-d81d-4d91-aad4-afa2ac632223,c59677dd-7acd-4be2-a9e9-94af8782dc20
753b6bf2-8d6a-4aac-82c7-9473985c0ce3,9dc101fb-b2a2-403e-b494-072b15843f90
35416470-767f-4e99-a0ce-d7c3ddf771a8,32bb06e6-21aa-4650-9fd1-553376c1b753
be52c112-76cb-49ba-a93a-e86bcdb4ca79,c101b0c0-5260-4b41-8062-70cc8bcb4a46
b6a2508b-8861-48c7-916e-40d63d7fc4fd,8a0a036e-f895-4789-bcf3-29d5cb98cbc9
49a63631-277a-4f71-a025-744a6ff976d6,f9f63d76-b403-4660-b898-f55644901f17
af534fed-6076-42f2-a115-8a37b4bc4195,6683408b-b234-4a72-9ce2-5c5d230b1ef5
f54ed98e-4861-4060-a3de-f742832dc448,5fb2a7d1-3f38-4ff7-91f1-eac1a8049960
2c6a2692-a7d6-45ad-9b22-9948558a865e,e53b2e8b-9f15-4fce-b281-77843315169d
b4fe42d4-511b-48b0-8db1-d99926442103,76702205-7c3b-407d-9814-0d744360ba3d
05c02017-069a-4f64-8cf7-b4493022bcbe,9ac40690-024a-4617-acb2-5f9c767b1eaf
fcf78116-038e-4aee-b7ca-299aba9837cc,cbd54780-ef8d-4c0e-9918-f4bc18c1c4cb
5593de5b-5eb4-4b24-b727-392ca3844f2f,6f0689a1-1550-412b-bec0-a143a31597a7
23b5eb79-2258-49f7-a1f0-a9584999378a,7848925c-94ff-41ef-b492-aa496d9d7887
5f5aaa14-bd93-4ee5-a8f8-2c213e3270be,d1ddcb76-bd3b-466d-bf19-35c91e68f787
3c5cb1f3-06ec-4aa3-b69b-04144cdfed33,d282c5b2-e012-479b-9f78-b4e1f048be37
ce1217c5-cd0b-4f18-9a9a-3f2e744995f1,f77841c4-5053-4cb7-87f3-16f926d4004f
b3c963ee-513d-4561-bfb1-ef8f654762b4,fc31a6d7-1430-46dc-a5e2-6ccb524e6d60
2d054a04-d5e5-45b4-8971-a0c99092eacb,11249eb9-f30a-4ddf-8bed-4c1b5d5a26f0
ea9c25f0-d246-4c63-8dfb-48a09921e108,ebb1fc21-dec8-4912-be11-fe4a72504816
f75156af-89eb-4185-bf38-e7374e23082d,7959b70d-04f8-4f92-9e50-d3a3962b0a54
a5d9782d-c976-40e4-a66f-92a4cd91da27,00a9dfd3-722a-4ba1-9eea-fdd489e7fe69
479690ae-e34b-4059-8a22-36e47dc77b04,78b1da4b-0d47-49fe-8f15-3a771bcddc5f
1a4288b0-b8a3-4ec6-b672-ad72c791658e,024d6942-715c-4c91-b789-b777af3da081
eab5d84f-e8bd-4ec5-8c6c-20770a3441e7,fa4d4864-2097-41b5-a74f-a38980d530ce
deb259ca-50b2-4e02-a29a-a088c0b246bf,384977c7-8601-4c21-95c7-35a3e315e7f1
7897689b-75d6-4612-b765-6fca2c910274,8ea5075d-96bf-43b5-bd25-96a5ce473abc
5fde1e00-5837-49fe-9c87-e77002bdd9c6,98f2c7b9-dbc4-46b3-8363-6b32699b218f
d5e7bb66-f330-47f3-949a-61a657a665c0,cf3f96fe-b716-4aed-89e8-294d30e71467
7a0bdfe3-a8aa-4349-9710-8ec57bf48a8e,9cb94bd8-e208-4e49-ab57-c4c1edf5c70d
38affc95-3335-436e-ae58-5aec70b06570,ccad47a9-9abd-466c-9034-a675b9bd50ca
d6bb187b-43e1-4639-8974-51783796c80f,85f404f9-ffaa-4fbf-9f6e-a7e435dc731b
0e239998-e562-4735-88c4-618b82314aef,7157442d-d8aa-4298-8d05-939697205779
c2614c5b-ba54-4edb-8ed6-aec7d8292ab6,b0af3b8d-0947-439e-bd43-8304a7816aad
9823a03e-4b92-4b5b-bb4f-148d48555f06,07a46726-899e-47e1-a441-25396adc720b
dc8d3ec9-e903-458e-b123-b75f30d6a384,d90309ef-d950-4113-a07e-415944a07a5a
4844943b-5b89-4653-b904-2214fe514403,1bf5a10d-b9a5-44f8-9f32-0374c18fbde3
b72bfb36-efb4-4153-992b-721ce7ec6532,71b15bd0-443b-4d4b-a886-38670709eca4
464d98c7-5c82-4256-9db1-5c1895b71778,f4a6e704-76fa-4b8c-b51b-7534e7aa528a
eadb187d-4e96-4bd4-9bb8-9720b9230369,d7134ebe-7c9e-4d31-97b0-f88958e73e57
2c7675cc-eb58-465f-b4a6-9c90b1898f07,066320c0-dc4e-4469-9eda-bd7d9c95807a
f76f1563-1b70-476f-a1d5-e935806c847c,e898afa5-3e78-4990-b393-584bb03c9b0f
51920d02-15de-4b94-88c2-f8ebe96d3792,d385d4dd-03d7-404b-9206-a66cc26160ea
501011dd-07bc-4b80-8dd9-6196f6a1ccb2,8f887a11-2fe4-4351-badd-40a5688962aa
13276e84-d808-4223-90ab-121b5a777cf2,635f7162-d564-4f43-8339-63973efb000e
f41f2938-5839-474c-8874-bc86cccc4a21,2c8c71de-99b5-4508-a062-8afc7babc9fd
6c2d9e85-bb4b-4606-880b-0b57473647a2,32214a45-c9ff-42f6-b833-214bf81dd4d9
8968f8d8-16f9-4fae-b6ad-9ff037daf536,80f4c8a8-cac1-4457-a2dc-e4fcaaa68d7f
5f141098-1af7-421c-a6c7-98fa71e703d2,b87d266c-ae47-473f-b888-3dc53ae882f4
c776b778-7bde-4dd7-bb44-655d94cfb930,315124f6-3e79-431e-899d-8d91c18cd434
fd8325da-2ff4-4a39-a206-40c269212cc8,5c6fb18b-2856-4262-ae8c-544141b77821
43a85569-b5d2-48db-9fb7-204aef02e2e0,1a790a5f-87c0-4f2e-afbd-179b2f769832
6b64343f-11ed-4fcf-8484-a5ae50f58ce8,56d31e2c-8cf1-46df-b4a3-7c6564e4520b
0f283a77-2f76-4aec-a2a4-2641323781ad,209ad2f2-81e5-4eb2-bb7c-ba610b248b7b
4ba13514-e5d0-48ce-85e3-a013b637a3b2,f1f1b7a4-1b1d-458e-8679-41c856599f11
f4438f8b-ad11-4d6a-b373-3c43552a8f1f,ad529f2b-af17-4d80-a296-266d020ba406
c2cca843-a701-41ad-9819-63e55496c433,10a69a69-719b-4fb0-8a70-2ea88088747c
18ba6ab9-1d40-4652-ad9d-752d18840688,01ca66ed-aaf8-4d32-aade-ccee816c4dbe
2c707f82-5a70-4912-8d9b-80a001daf034,15b92ff5-3e13-4a1a-a108-d9589e11cc4f
5871e3df-5b79-471c-bb0e-82d2f8e686c8,3bd3e8e0-990a-4f70-aca0-0970ad4ba4b5
261561c7-2b86-49e2-944b-f60765ed6ee1,00fcfe25-afaa-4b55-a4fb-64dc92507bbf
53324f75-75ed-4d30-9fca-590c32e50dc9,385e9a2e-2bf4-425c-bda7-13247cf71071
71ba323b-96cb-40b2-ac48-fbf9218a8ff7,dbb09e3e-22b1-4966-b56d-bcbd1a869982
81f2bade-3da8-4788-bc00-6879369ceb86,cbb8fb34-f8f1-40a8-b400-4fe4de6dae51
b87abeb7-98cf-434f-961b-98001f422cb8,9c6fbb05-d666-45c7-abee-86bc5976579a
73d8fe7e-2c51-409f-8856-1a29ec576c05,98dc143f-7a92-4c83-a5e3-d362257e71d9
04f6965c-192c-494e-95b8-a975b09aa462,76c0e8df-971d-45f1-b363-a70f61a24723
ed89d955-1199-40e2-a184-72734a2450f2,0fde6ade-33d7-40ff-a8da-094c9eec18d1
7b9de035-d2e3-403d-b807-73f08b9d3fda,c1c17189-6c7b-4dd7-83b8-f99be4db2523
0be37dbe-1a15-4f4d-bc6a-9e0e2412ffcc,52a393a3-a7e2-47d2-9709-f5c3a9844116
379ff55f-a024-4839-a996-770073bf7317,b89223f1-6cc6-46fc-b23d-d0aa321013d7
adf0b067-39e9-43c2-a452-c28d8648d515,3ad1e66a-0b29-463d-9232-2d19dfbd82dc
76dad42c-329d-482a-87e8-880a4b2a0118,ebcd51ec-04e0-4892-a017-7f58d3834704
6d6bc806-0bd0-45d5-bb7b-0320cd733ba3,7d1e8461-9480-47e3-8ef2-d3c362b8d9a0
dc5060cf-894a-4f16-b6d8-bc323ac6cd2a,0e10934a-5f02-401e-81db-3390c6cb8aaa
937ef2a2-0a55-45e3-b5b3-2c95d847824c,1e671b61-1e1e-4a49-8ac8-97e0923a6fe2
86483b96-3cc6-42b4-a2a0-d1bb9e005520,e1cd743c-2dfc-4784-b01f-97d7b7593cb9
7d2380ba-34c5-41ae-ae9f-0df946af73b7,6b2f6ec7-c272-46fe-9e06-fc634232d583
e0c1f667-ef81-463c-9438-b839d5d67388,4eb94e39-c406-45c1-b00e-9271cfc2c87a
c93e092f-130c-4269-a5eb-63f1cf68772d,c531c2e9-26f2-41d5-9319-dd4851c1b8c8
a2b8d6d1-630e-4530-ab5d-3cb83ccbe115,7e4be69f-90b4-4961-9001-196da506f724
664c1d48-e9e9-4f28-97d2-245cecd5ee6a,d4a56aeb-a083-4a89-8841-0b5f7cf300a1
2529f4f5-da25-427c-b6fa-8f12a4c7b4a4,9065f145-9386-4c68-bae2-0c18d3c1669e
ead37aa1-3dbc-4458-b04b-01b7471e1f8e,2eb57dc6-f82e-457c-92cd-f54101bf9838
60521ffe-39bc-40ec-9baa-fb690646cce5,65852d34-3f1b-4f1f-8d92-83c821b6eae5
83637a2b-432d-4e33-9d41-06d1205e0db3,0ce90172-0538-46a3-857c-92a055a9b826
